35.22.16.99,139.24.59.78
35.20.28.53,139.23.26.12
42.52.59.2,141.42.53.2
42.59.38.4,141.26.45.6
43.2.9.5,141.25.59.4
43.0.38.3,141.47.21
43.5.50.2,141.15.28
43.5.36.7,141.31.27.3
43.10.35.3,141.25.44.1
43.19.22,141.51.27.5
43.32.48.4,141.54.22.6
43.9.33.9,141.16.2.5
42.57.20.9,141.20.39
42.19.8.8,140.16.30.2
42.25.46.5,140.0.3.8
42.37.16.1,141.50.12.3
42.13.28.9,142.37.34.6
42.10.35,142.50.58.6
42.7.37.7,143.19.2.3
42.43.50.2,141.46.24
42.39.2,141.36.16.5
43.7.1.4,144.7.48.7
43.23.20.1,145.7.41
43.35.32.3,145.12.17
43.2.37.1,142.58.11.3
42.42.21.1,143.8.16
42.55.44.8,143.25.46.4
43.9.6.3,143.12.35.5
42.55.18.8,143.3.43.5
43.42.7.3,144.1.28.6
44.35.10.8,142.57.31.6
44.2.16,142.59.32.6
43.40.41.2,143.35.12.5
45.24.28.4,141.40.32.8
45.22.57.9,141.42.29.4
41.52.2.8,140.40.3.6
43.9.57.3,141.46.9.3
43.10.27,143.0.23.2
42.45.12.2,142.8.4.4
44.1.6.1,143.46.43.8
42.57.0.9,141.50.48.3
44.57.21.8,142.9.11.9
44.11.1.8,142.40.38.4
43.4.55,144.38.41.7
42.41.0.4,141.26.22.2
43.1.57.5,145.1.36.7
43.6.56.4,141.16.10.4
43.6.44.4,141.20.14.3
42.59.39.6,141.27.26.3
43.4.36.3,141.23.56.9
43.3.8.8,141.24.13.2
42.6.10.5,140.36.30.3
41.51.57.3,140.7.15.1
43.8.36.3,141.8.48.8
43.10.29.3,141.4.6.2
43.9.26.3,141.6.44.8
43.8.29.8,141.10.44.6
43.11.32.1,140.48.21
42.54.5.4,140.45.9.5
43.11.15.5,141.0.2
43.45.12,142.15.27
44.44.19.3,142.8.7.2
43.12.33.6,142.32.43.7
43.46.11.2,142.21.28.7
43.24.12.1,142.25.14.6
43.53.30.5,142.58.11
43.0.30.6,144.21.45.2
44.21.8.2,141.41.34
41.47.22.7,140.44.53.5
44.44.46.5,141.53.16.6
45.26.20.4,141.2.10.3
45.10.48.3,141.8.26.3
43.21.23.8,142.55.38.7
43.4.47,141.17.16.3
43.3.39.4,141.22.2.1
43.0.43,141.26.59.1
43.3.5.2,141.28.14.7
43.3.43.6,141.22.0.2
43.8.27.9,141.15.14.3
42.59.20.6,141.26.26.4
43.3.46.5,141.24.27.1
43.3.18.2,141.20.55.1
43.3.31.5,141.28.31.2
43.1.49,141.26.6.5
43.3.35.8,141.22.9.2
43.3.17.1,141.20.43.7
43.4.23.1,141.20.5.4
43.3.21.4,141.25.32.7
43.2.4.7,141.21.5.8
43.1.49.2,141.20.15.9
43.8.7.7,141.20.19.3
43.4.45.1,141.16.8.3
43.4.18.2,141.24.27.8
43.7.1.4,141.16.3.7
43.2.46.4,141.23.47.3
40.34.49.3,140.29.43.8
40.34.59,140.34.18.6
40.33.31.2,140.31.5.2
40.34.0.3,140.33.6.4
40.37.50.1,140.33.2.2
40.33.37.4,141.14.17.5
40.35.16.6,141.5.55
40.36.56.1,141.12.23.2
40.44.10.1,140.20.46.3
40.41.45.7,140.27.51.2
40.51.2.9,140.40.53.8
40.31.2.4,141.25.31.8
40.38.4.4,140.34.53.1
40.38.0.8,140.25.46
40.44.6.1,141.16.0.7
40.44.1.5,141.16.8.3
40.35.18.5,140.25.0.6
41.11.52,140.58.35.6
40.34.45.9,141.26.11.6
40.48.2.5,140.45.25.6
40.25.11.7,141.19.52.8
40.36.2.9,141.15.34.6
40.53.55.5,140.51.37.7
40.49.41.7,140.47.3
40.49.24.2,140.45.1.3
40.30.25.7,141.28.42.9
40.47.56.2,140.47.0.4
40.48.28.2,140.47.58.3
40.35.54.3,141.25.26.1
40.47.41.6,140.45.33.2
40.49.35.5,140.47.58.4
40.49.30.6,140.46.7.7
40.49.27.5,140.45.41.2
40.30.23.3,141.31.48.3
40.30.40.3,141.30.5.6
39.18.23.9,141.0.5.4
39.8.46.9,141.7.50.3
39.43.38.6,141.6.40.4
38.55.53,141.7.4.9
39.9.23.4,141.8.46.4
39.20.10.1,141.6.32.2
39.13.54.3,141.5.8.5
38.56.14.4,141.7.8.3
39.40.13.8,141.9.22.8
39.41.7.3,141.9.40.9
39.41.43.3,141.10.2.2
39.18.45,141.6.46.2
39.41.33.8,141.6.23.2
39.41.5.4,141.8.8.6
39.5.57.3,141.42.29.2
39.5.29.4,141.42.22.1
40.24.44.5,141.42.29.3
37.59.40.4,140.45.7.2
38.5.23.2,140.46.0.6
38.18.40.8,141.1.59.2
38.39.2.9,141.16.19.5
38.49.58.2,140.59.8.4
38.44.23.8,141.15.21.5
38.53.49.8,141.33.57.3
38.17.4.9,141.0.24.6
38.18.8.6,141.2.7.4
38.33.50.1,140.57.35.8
38.32.24.3,141.8.59.7
37.59.53.3,140.37.10
38.35.53.8,140.42.42.2
38.17.28,141.2.24.6
38.5.21.6,140.39.26.3
38.17.18,141.31.15.3
38.11.5.2,140.38.13.6
38.2.39.7,140.53.35.1
38.24.28.6,141.27.19.8
38.18.3,140.52.35.7
38.16.0.1,140.58.51
38.1.45.4,140.37.48.3
38.15.40.7,140.51.57
38.16.18.2,140.57.36.7
38.24.11.8,140.53.8.4
38.25.31.2,140.53.26.6
38.17.24,141.0.32.6
38.27.36.3,141.16.59.5
38.16.16.3,140.51.46
38.14.36.5,140.52.45.7
38.15.57.8,140.52.17.1
38.15.45.7,140.52.24.2
38.14.27.2,140.53.2.9
38.18.38.3,140.50.50.9
38.47.59.1,141.3.20.4
38.18.55.6,140.54.2.1
38.26.9.5,140.53.28.3
38.15.4,140.55.40.8
38.13.19.9,140.53.52.4
39.42.4.7,140.6.34.5
40.18.12.2,140.33.50.1
39.18.33.2,140.33.25.3
39.30.31.3,140.23.17.2
39.43.9.6,140.6.29.7
39.19.8.8,140.32.52.1
39.43.6.7,140.5.13.9
39.17.47.8,140.33.17
40.11.27.1,140.1.22.1
39.19.35.5,140.33.17.1
40.16.20.1,140.33.32
39.39.59.2,140.10.5.9
40.16.37,140.29.2.2
39.47.49.7,140.3.41.6
39.46.44.1,140.4.5.6
39.19.3.6,140.33.20.5
39.40.33.7,140.8.4.2
40.11.25,140.2.14.6
39.43.47.7,140.4.48.2
39.18.49.9,140.33.22.8
39.9.38.8,140.29.21
39.47.25.7,140.3.50.6
39.46.57.7,140.3.59.1
38.36.10,139.34.14.2
38.57.50.1,139.50.27.6
38.37.18.5,140.22.52.9
37.54.35,140.8.6.9
38.31.29.5,140.23.44.7
38.37.59.4,140.22.20.6
38.3.47.9,139.41.32.6
38.14.31.7,140.23.5.5
38.15.7,140.19.34.3
38.15.29.1,140.17.14.6
38.49.7.4,139.49.57.8
38.54.4,139.51.21.6
38.58.9.9,139.50.35.5
38.10.54.8,140.18.36.5
38.13.13.8,140.19.51.1
38.13.55.8,140.20.41.1
37.57.22.7,140.7.31.4
38.19.26.4,140.21.50.2
38.21.9.5,140.23.13.8
38.21.38.5,140.23.17.9
38.28.37.8,140.22.57.9
38.44.37.8,140.16.7.4
38.45.0.6,139.50.0.9
37.0.4,140.51.25.3
37.2.0,140.51.15.1
37.7.5.1,140.9.3.9
37.11.56.3,140.20.8.7
37.30.49.9,140.24.7.8
37.30.57.8,140.24.29
37.49.15.4,140.32.47.1
36.57.52.7,140.54.16.7
37.28.37.2,139.54.16.5
37.24.46.9,140.23.28.3
37.25.7,140.23.10.5
37.32.20.8,140.23.49.7
37.30.7.3,140.23.31.8
37.45.37.6,140.27.51.5
37.13.4.5,140.35.56
37.6.3.6,140.59.5
37.45.29.8,140.57.1.7
37.3.43.9,140.51.9.3
37.4.2.5,140.56.44.4
37.35.58.6,140.27.43
37.42.40.3,140.27.59.4
37.47.50.7,140.29.23.1
37.17.19.1,140.22.6.3
37.31.4.8,139.55.7.7
37.31.4.2,139.55.59.3
37.33.52.5,139.49.6.7
37.32.50.5,139.58.10.7
37.49.5.8,140.56.33.8
35.54.38.9,140.10.50.1
36.5.7.6,140.7.3.1
36.0.25.1,140.11.34
36.2.3.3,140.12.45.2
36.23.1.3,140.31.53.5
36.2.20.1,140.10.32.6
36.23.41.7,140.28.24.7
36.31.5.1,140.26.14.4
35.51.35.6,140.41.58.9
35.53.4.4,140.40.30.7
36.6.54.4,140.11.28.2
36.10.43.9,139.57.14.7
36.12.4.9,139.48.28.9
35.57.30.1,140.19.0.2
36.10.51.4,139.44.22.8
35.56.21.9,139.59.43.7
36.4.30.2,139.59.13.8
36.24.15.7,140.28.47.7
36.13.21.8,140.19.11.6
36.24.28.1,140.30.34.5
36.25.17.5,140.31.5
36.29.5.3,140.33.45.7
36.37.28.7,140.40.52.2
36.6.52.9,140.35.21.7
36.11.14.3,140.32.52.3
36.11.55.6,139.43.8.4
36.17.23,139.50.23.6
36.11.45.5,139.43.8.2
36.8.49.6,139.42.41.2
36.15.45.4,139.45.43.8
36.20.30.2,139.27.32.5
36.25.56.9,139.51.49.9
36.38.24,139.26.56.9
36.47.37.6,139.56.42
36.17.50.2,139.28.49
36.26.22.5,139.58.54.3
36.41.8.4,139.57.30.3
36.40.42.9,139.57.37.3
36.36.52.1,139.59.6.1
36.17.27.5,139.34.52.4
36.53.38.1,139.58.49.3
36.34.21.3,139.54.59.5
36.32.24.8,139.53.4.9
36.23.50.2,139.45.19.2
36.40.20.9,140.11.58.9
36.20.44.4,139.51.9.6
36.21.41.7,139.51.38.1
36.31.26.5,139.55.20.1
36.15.39.4,138.51.18.9
36.20.34.1,138.59.17.1
36.23.1.6,138.52.54.1
36.34.40.5,138.49.48.1
36.12.57.4,139.3.20.7
36.14.34.8,139.34.12.7
36.17.53.7,139.2.24.4
36.18.49.6,139.9.35.3
36.19.57.3,139.9.9.4
36.19.16.4,139.10.44
36.16.11.6,139.28.7
36.15.28,139.24.16.9
36.15.24.3,139.33.25.3
36.23.6.8,139.2.14.9
36.24.43.1,139.5.23.3
36.24.54.6,139.1.29.3
36.22.18.3,139.0.33
36.26.44.6,139.5.48.5
36.15.47.4,138.53.50.4
36.16.10.8,139.19.51.5
36.20.29,139.4.8.3
36.18.47.3,139.0.53.5
36.20.0.4,139.0.48.5
36.16.54.4,139.11.49.8
36.24.51.6,139.0.4.8
36.31.29.1,139.1.48.5
36.15.21,139.32.31.5
36.20.1.2,139.0.57.8
36.16.4.1,139.18.28.3
36.15.46.4,138.53.58.3
36.20.26,139.14.23.2
36.14.18.6,139.4.34.1
36.24.20.7,139.3.33.6
36.30.3.7,138.59.10.5
36.9.34.5,139.3.32.1
36.39.31,139.5.2.9
36.35.55.4,139.3.13.4
36.24.9.5,139.11.55
36.24.26.7,139.1.25
36.18.3.4,139.12.30.1
36.15.49.4,139.5.47
36.14.42,139.23.3.3
36.6.9.6,138.38.56.5
36.18.1.8,139.24.2.2
36.16.60,139.7.5.9
36.28.53.8,139.10.37
36.12.39.9,138.50.11
36.10.26.5,138.46.33.4
36.32.31.2,139.22.9.7
36.15.1.2,138.57.58.7
36.16.29.6,139.17.54.7
36.17.47.1,139.21.44.3
36.23.51,139.4.20
36.16.53,139.4.34.3
36.34.1.6,138.49.9.7
36.19.32.5,139.0.9.4
36.15.21.7,139.4.10.5
36.16.1.7,138.59.28
36.19.33.6,138.53.37.1
36.16.16.7,139.6.47.1
36.30.25.5,139.3.3.9
36.44.12.7,139.1.0.6
36.17.10.5,139.21.47.7
36.23.30.6,139.20.30
36.18.23.7,138.49.21.5
36.23.1.6,139.15.53.2
36.36.16,139.2.46.8
36.37.54.8,139.2.12.4
36.23.4.8,139.2.39.9
36.25.58.6,139.3.7.1
36.29.46.4,139.0.47
36.19.58.7,138.55.31.5
36.18.15.7,139.2.46.6
36.16.16.3,139.6.42.1
36.21.1,139.0.17.8
36.16.13.4,139.6.50.4
36.16.31.7,139.6.5
36.18.39.2,139.1.54.7
36.21.20.8,139.0.46.6
36.20.0.8,138.54.14.8
36.18.42.2,138.51.16.9
36.22.41.9,139.14.4.7
36.17.48.9,139.24.3.5
36.20.8.7,139.1.40.3
36.31.57.8,139.1.12.4
36.23.14.2,139.3.35.1
36.21.5.7,139.0.25.4
36.22.46.9,139.2.18.1
36.20.50.8,139.0.0.6
36.21.17.5,139.0.42.6
36.20.38.9,138.59.41.4
36.39.46.9,139.0.50.2
35.46.41.6,139.26.5.6
35.49.28.4,139.30.31.5
35.47.38.7,139.30.59.2
35.49.57.8,139.31.22.5
35.49.54.2,139.46.25
35.53.36.4,139.28.45.5
35.55.7.8,139.29.53.3
35.59.23.3,139.5.8.2
36.3.45.9,139.30.35.7
36.0.59.7,139.34.53.2
36.8.1.8,139.12.54.1
36.9.57.9,139.37.39.1
36.10.51.3,139.13.7.9
36.12.1.5,139.17.31.5
36.12.16.3,139.39.28.7
35.47.54.9,139.29.32.9
35.48.21.7,139.24.30.5
35.50.30.9,139.41.38
36.1.16.1,139.31.46.1
36.10.41.9,139.18.17.3
35.46.18.2,139.37.11.9
35.57.21.9,139.24.23.5
35.50.55.8,139.19.58.3
35.54.56.4,139.29.7.1
35.59.40.4,139.34.21.5
35.52.49.2,139.28.31.4
35.48.32.9,139.42.8.4
35.49.10,139.27.55.6
35.59.27.1,139.34.46.6
35.50.42.9,139.42.14.2
35.47.19.7,139.34.32.3
35.50.8.3,139.44.47.5
36.2.8.4,139.46.57
36.4.40.4,139.46.15.4
35.53.19.9,139.26.48.1
35.52.18.1,139.46.42.5
35.57.35.1,139.43.47.5
35.57.49.2,139.38.11.5
36.2.3,139.32.34.5
36.3.7.5,139.31.41.1
36.6.23.9,139.27.37.2
36.8.33.6,139.23.25.9
35.50.44.1,139.23.21.6
35.55.5.4,139.46.35.5
36.4.9.3,139.30.19
35.52.46,139.26.0.5
36.10.5.4,139.21.7.1
36.10.13.5,139.20.49.8
36.0.49.8,139.45.13.8
35.51.2.1,139.48.4.4
35.53.51.2,139.37.53.4
35.55.23,139.33.44.8
35.55.16.9,139.43.25.2
35.55.56.7,139.40.20.3
35.53.10.1,139.33.27.4
35.54.35.6,139.40.9.7
35.53.11.8,139.38.48.4
35.55.30.4,139.35.50.3
35.52.18.3,139.39.43.5
35.55.14.3,139.33.53.8
35.52.9,139.37.12.1
35.54.29.7,139.35.54.2
35.53.55.8,139.38.25
35.51.39.2,139.38.48.6
35.51.1.6,139.38.54.8
35.55.15.8,139.36.54.2
35.47.27.3,139.27.35
35.50.32.9,139.34.10.5
35.57.16.7,139.34.22.6
36.6.21.6,139.28.57.7
35.49.49,139.39.22
35.51.0.4,139.49.7.8
35.53.34.6,139.36.48.1
35.50.21.8,139.37.42.7
35.52.9.3,139.37.13.1
35.56.2.6,139.36.58.7
35.55.7.3,139.36.53.4
35.53.12.4,139.36.51.2
35.17.40.5,139.51.17.1
35.37.59.5,139.53.32.8
35.38.21.8,139.53.59.3
35.45.50.1,139.56.1.6
35.46.0.1,139.53.58.2
35.22.7.5,140.4.23.5
35.28.40.3,140.3.39.1
35.28.58.9,140.2.27.3
35.25.15.2,140.20.28.4
35.30.11.6,140.19.4.7
35.36.18.5,140.24.37.9
35.41.36.8,140.1.17.8
35.42.49,140.0.31.4
35.42.49,140.13.41.4
35.43.32.8,140.13.20
35.43.7.5,140.39.16.9
35.43.57,140.49.24.4
35.43.55.2,140.49.48.4
35.47.53.1,140.3.47
35.48.0.2,140.25.24.7
35.19.10.4,139.54.59.8
35.29.22.9,140.6.11
35.26.24,140.17.22.7
35.43.4,140.42.6
35.47.2.8,140.2.45.2
35.42.25.8,139.58.53.6
35.30.33.4,140.4.49.5
35.47.42.2,140.11.2.4
35.39.54.7,139.53.22.8
35.53.1.7,140.3.34.1
35.46.0.1,139.55.44
35.41.44.3,139.59.5.4
35.46.25.4,140.13.42.9
35.39.41.7,140.9.40.7
35.40.58.4,140.1.23.8
35.20.40.7,140.2.22
35.40.20.5,140.1.46.9
35.47.0.3,139.55.10.2
35.44.19.1,140.19.30.4
35.50.25.6,140.14.12.1
35.43.25,140.37.53.4
35.44.43.5,140.30.46.2
35.38.24.8,140.19.12.3
35.34.32,140.18.5.2
35.23.3.1,140.21.25.5
35.42.33.7,139.57.31.4
35.41.33.9,139.59.28.4
35.17.22.9,140.23.35.8
35.41.48.2,140.9.21.5
35.52.7.5,139.56.25.2
35.6.46.4,139.51.2.4
35.53.48.4,140.24.39.5
35.29.15.1,140.5.1.5
35.51.39.9,139.59.0.4
35.48.27.1,140.23.0.9
35.22.4.5,139.55.38
35.52.2.2,139.58.17.9
35.55.55,139.53.48.6
35.56.2.5,139.53.37.5
35.45.31.6,140.6.28
35.50.14.9,140.0.22.2
35.7.34.8,139.50.12.7
35.33.58.8,140.10.31.1
35.41.7.9,140.5.15.4
35.38.16.5,140.6.36.8
35.40.28.4,140.5.47.6
35.37.32,140.10.50.3
35.35.32.3,140.8.28.1
35.37.24,140.5.36.8
35.39.10.6,140.3.27.3
35.35.32.7,140.8.48.4
35.38.44,140.7.1.2
35.43.57.4,139.54.9.1
35.25.26.4,140.18.5.9
35.42.29.7,140.2.14.5
35.30.44.7,140.4.31.8
35.39.42.9,140.19.11.3
35.40.39.1,140.18.59.1
35.41.37.6,139.55.23.3
35.42.1.8,139.59.9.9
35.53.12.7,139.55.34.5
35.45.17.4,139.56.25.2
35.49.31.9,139.58.37.9
35.45.54.6,140.0.25.8
35.34.41,140.23.53.2
35.34.37.7,140.23.23.4
35.19.53.8,139.53.58
35.50.28.8,139.56.36.4
35.52.12.5,139.58.30.4
35.52.38.5,139.59.57.4
35.44.45.4,140.7.13.8
35.42.56.9,140.7.0.3
35.31.41.9,140.5.55.2
35.26.40.8,139.58.36.6
35.22.53.8,139.56.32.9
35.16.36.3,139.54.32.6
35.19.32.6,139.55.29.5
35.41.38.3,139.56.25.3
35.25.44.1,139.55.41.5
35.38.3.3,140.9.56
35.33.12.6,140.11.36.6
35.32.20,140.14.30.8
35.31.52.3,140.16.12.2
35.33.52.7,140.8.34.8
35.40.7.8,140.8.27.5
35.40.2.2,140.2.16.9
35.38.28.9,140.4.26.1
35.33.13.3,140.8.23.6
35.33.3.9,140.8.15.1
35.39.10.6,140.2.42.7
35.41.29.9,139.45.39.5
35.35.20.6,139.40.40.7
35.39.35.3,139.39.36.5
35.39.18.5,139.42.23.7
35.42.27,139.39.15.7
35.42.10.1,139.37.41.7
35.43.52.7,139.34.18.2
35.45.27.1,139.35.37.9
35.47.11.5,139.40.13.6
35.46.50.6,139.41.40.4
35.42.57.1,139.42.19.6
35.45.10.2,139.41.6.1
35.45.38.1,139.37.13.3
35.43.29.7,139.40.57.7
35.42.21.2,139.49.25.3
35.42.30.7,139.48.15.7
35.44.21,139.46.7.1
35.46.8.1,139.46.14.8
35.46.1.4,139.47.10.1
35.45.36,139.46.58.2
35.43.11.7,139.19.24.8
35.41.21.9,139.29.54.1
35.43.56.7,139.32.26.1
35.41.50,139.50.15.8
35.43.21.7,139.47.10
35.37.27,139.38.16.9
35.38.23.4,139.40.4.9
35.36.9.2,139.42.47.4
35.40.0.3,139.45.37.4
35.39.24.4,139.45.17.3
35.40.19,139.36.48.9
35.43.59.9,139.43.0.5
35.44.19.6,139.42.38.1
35.44.56.3,139.43.2.9
35.45.3.2,139.47.59.7
35.43.11.3,139.47.2.2
35.43.47.8,139.47.30.4
35.44.39.6,139.47.52.4
35.45.18.2,139.41.17.3
35.46.0.1,139.39.16
35.46.38.5,139.37.47.5
35.46.30.8,139.48.11.7
35.42.49.2,139.46.45.6
35.41.43.4,139.48.46.9
35.37.21.9,139.38.4.8
35.41.48.7,139.49.52.8
35.40.20.1,139.36.43.1
35.37.51.4,139.16.10.7
35.36.43.5,139.20.36.9
35.46.26.9,139.20.10.5
35.39.47.4,139.43.56.8
35.40.33.3,139.49.13.6
35.46.47.3,139.18.24.3
35.40.54,139.32.46.1
35.41.4.3,139.20.45.6
35.45.38.6,139.20.32.5
35.39.12.9,139.18.13.8
35.39.31.2,139.18.50.3
35.13.50.7,139.42.28.1
35.11.42.8,139.39.59.2
35.21.22.2,139.16.11.8
35.20.26,139.20.44.2
35.20.46.9,139.23.51.3
35.24.19.3,139.22.3.9
35.28.8,139.25.47.8
35.30.20.5,139.27.48.6
35.25.54.1,139.25.49.5
35.30.20.5,139.27.48.6
35.29.0.8,139.23.30
35.29.1.9,139.24.32.3
35.27.47.3,139.28.1.9
35.28.6.8,139.25.17.3
35.24.21,139.2.55.2
35.14.41.7,139.3.33.5
35.16.26.5,139.10.43.1
35.17.21.8,139.11.21.4
35.17.22.8,139.11.8.2
35.11.15.7,139.1.1.3
35.16.31.9,139.10.40.6
35.12.54.8,139.3.55.8
35.16.11.7,139.11.45.3
35.16.46.9,139.40.25.5
35.18.28,139.37.27.2
35.24.2.5,139.18.16.9
35.19.57.6,139.20.55
35.14.47.5,139.8.58.3
35.27.46.1,139.21.37
35.17.51.6,139.15.27.4
35.23.25,139.16.38.3
35.24.59.8,139.20.31.7
35.15.51.3,139.43.51.9
35.19.45.2,139.23.42.3
35.21.40.9,139.0.56.7
35.36.29,139.37.23.6
35.34.21.4,139.37.7.2
35.36.5.7,139.36.31
35.33.17.7,139.39.33
35.31.26,139.41.49.5
35.31.47.3,139.42.16.3
35.31.30.8,139.41.59.7
35.29.52.8,139.29.3.2
35.28.31.7,139.32.40.3
35.31.8.5,139.34.52.1
35.33.8.6,139.38.48.7
35.26.45.1,139.37.38.8
35.35.4,139.32.37.1
35.26.39.9,139.35.37.6
35.21.38.5,139.32.16.8
35.26.45,139.35.58.5
35.25.50.7,139.37.14
35.27.19.5,139.36.54
35.28.25.7,139.37.44.4
35.30.8.1,139.40.34.7
35.20.13.2,139.37.26.1
35.28.42.3,139.38.17.9
35.32.31.6,139.31.10.4
35.31.4,139.41.18.3
35.20.29,139.37.25.5
35.29.9.8,139.31.17
35.29.23.4,139.39.6.6
35.34.44.6,139.21.40.8
35.31.53.1,139.26.30.2
35.33.23.7,139.24.32.3
35.13.44.6,139.42.10.9
35.20.24.9,139.26.10.5
35.16.47.6,139.12.40.4
35.19.55.6,139.21.32.7
35.17.0.8,139.39.9.8
35.35.39.1,139.37.35.8
35.32.38.6,139.41.28.4
35.32.14.7,139.44.28.5
35.30.52.9,139.39.53.8
35.29.18.5,139.38.55.1
35.28.34.6,139.36.7.4
35.28.25.9,139.34.24.7
35.29.27.6,139.30.50.9
35.19.27.5,139.37.13.2
35.26.7.4,139.37.6.6
35.26.17.5,139.37.28.8
35.28.33.3,139.38.7.8
35.32.26.8,139.21.40.2
35.33.3.9,139.20.13.8
35.32.41.7,139.22.53.3
35.34.26.5,139.21.59.4
35.34.20.7,139.22.11.3
35.34.33.7,139.22.2.2
37.55.7.1,139.4.10.6
38.4.30,139.35.45.4
37.54.34.6,139.1.7.2
37.14.1.1,138.58.3.3
37.26.51.3,138.38.27.7
37.26.40,138.47.5.8
37.0.49.5,138.39.3.6
37.3.47.1,138.52.14.8
37.25.34,138.50.23.5
37.27.44.7,139.0.28.8
37.27.30.3,138.48.15.9
37.27.12.1,138.46.29.6
37.40.14.6,138.55.58.1
37.8.33.1,138.54.38.9
37.43.35.9,138.56.55.1
37.52.34.7,139.6.21.5
37.55.0.2,139.0.57.3
38.18.51.8,139.32.55.9
37.55.16.5,139.2.55.5
37.54.53.9,139.3.36.9
37.55.30.7,139.3.9.7
38.2.9.4,139.23.26.3
37.52.10.1,139.5.15.6
37.41.58,138.53.6.2
37.44.4.5,138.53.36.8
37.53.52.8,139.1.17.1
37.54.55.4,139.1.34.4
37.34.11,138.53.44.1
37.3.2,137.53.0.4
37.9.50.7,138.7.53.4
37.9.51.1,138.5.17.7
36.59.37.6,137.42.3.2
37.3.1.3,137.52.39.5
37.48.29,139.2.41.3
37.47.12.1,138.58.27.5
37.55.25.5,139.6.57
37.54.16.3,139.6.12.7
37.57.8.2,139.5.20.6
37.56.46.1,139.6.28.6
37.55.30.5,139.5.54.6
37.46.14.2,138.58.16.9
37.55.22.3,139.7.21.4
37.48.9.9,139.0.41.1
37.52.34.6,138.58.17.7
37.53.16.6,139.1.58.8
36.45.3.6,137.21.12.5
36.45.36.7,137.2.33.8
36.43.43.8,136.59.59.8
36.41.20.5,137.12.43.8
36.39.51.3,137.14.25.4
36.40.41.2,137.13.55
36.40.0.8,137.12.36.4
36.41.30.9,137.12.44.8
36.41.47.1,137.15.4.6
36.40.1.6,137.11.8.5
36.40.49.8,137.11.33.5
36.41.45.6,137.11.38.5
36.30.29.2,136.35.43.6
36.43.13,136.41.53.6
37.17.5.8,136.55.35
36.17.44.4,136.20.47.4
36.33.21.3,136.36.45.1
36.30.37.3,136.36.44.9
36.33.4.1,136.39.0.4
36.34.51.4,136.39.7.9
36.34.8.1,136.36.9.9
36.39.36,136.43.24.8
35.38.30.5,136.4.16.3
35.55.0.7,136.11.28.2
36.2.34.4,136.14.1.5
36.9.0.3,136.15.53.7
35.59.56.2,136.9.5
36.2.45.6,136.15.38.4
36.8.1.4,136.13.14.5
36.3.40.2,136.13.0.6
36.2.1,136.13.22.4
35.57.50.1,136.11.20.3
35.57.57,136.11.22.7
36.9.10.6,136.15.53.1
35.58.30,136.11.36.7
35.55.35.7,136.11.24.5
36.7.15.1,136.15.31.9
36.6.7.2,136.15.14.7
35.39.36.7,138.34.33.3
35.27.22.5,138.56.12.8
35.39.22.5,138.41.59.5
35.16.59,138.27.46.2
35.39.30.2,138.33.0.6
35.40.9.2,138.30.8.4
35.38.37.4,138.38.2.2
35.29.21.7,138.45.51.8
35.37.59.7,138.33.55.9
35.28.56.8,138.46.49.1
35.26.18.9,138.28.29.4
35.47.36.4,138.23.26.7
35.36.48.2,138.58.43.4
35.46.7.3,138.48.22.2
35.25.13,138.27.23
35.27.5.6,138.55.48.7
35.37.7.3,139.6.50.1
35.50.6.9,138.23.45.1
35.49.49.8,138.22.19.2
35.32.54.2,138.54.19.2
35.29.45.1,138.26.55.6
35.33.56.2,138.28.14.3
35.36.27.6,138.30.1.5
35.35.42,138.35.15.1
35.41.56.9,138.27.12.5
35.32.19.1,138.27.18.7
35.37.46.9,139.6.17.7
35.34.13.9,138.55.53.4
35.30.58.6,138.27.13.3
35.36.34.9,138.56.15.8
35.47.7.9,138.22.54.4
35.38.28.6,138.35.42.7
35.36.44.2,138.56.35.9
35.28.20.8,138.47.46
35.26.9.5,138.50.22.9
35.36.36.7,138.56.19.1
35.32.30.9,138.53.35.8
35.35.47.2,138.53.5.3
35.37.44.4,139.6.41
35.33.22,138.54.33.5
35.39.55.3,138.30.51.1
35.41.2.4,138.29.28.2
35.52.34,137.58.50
35.52.41.2,137.57.45.7
35.50.52.6,137.56.45.6
36.8.55.1,138.14.12.6
36.24.57.5,138.13.15.5
36.20.18.3,138.16.24.5
36.26.43.7,138.11.40.7
36.37.50.7,138.9.39.8
36.30.47.1,137.51.9
35.30.43.5,137.50.53
36.23.50.6,138.16.28.5
35.31.24.4,137.49.48.8
36.8.5.2,137.57.15.5
36.10.58.3,137.57.37.1
36.38.54.7,138.12.7
36.4.46.8,138.3.33.7
35.59.55.3,138.9.31.6
35.50.30.9,137.57.45.4
36.27.3,138.5.50.4
36.20.55.5,138.35.42.7
36.13.25.8,137.54.49.8
35.19.58.4,137.36.34.1
36.7.9.3,137.57.6.7
35.25.49.3,137.42.11.8
35.25.45.1,137.41.59.6
36.16.49.8,137.52.42.1
36.18.47.9,138.26.33.8
36.20.5.8,138.33.16.5
36.20.5.8,138.33.16.5
36.19.39.2,138.25.14.2
36.10.27.4,137.57.48.8
36.23.33.2,138.17.25.4
36.41.45.3,138.18.58.1
36.39.16.6,138.17.43.9
36.34.45.5,138.9.35.9
36.18.50.2,138.27.25.5
36.38.18.4,138.12.39.7
36.38.38,138.12.59.1
36.38.42.9,138.13.4
36.24.7.1,138.16.24.9
36.21.13.6,137.55.44.4
36.38.27.2,138.10.41.3
36.4.38.2,138.4.13
36.4.39.9,138.4.5.3
35.29.57.7,137.47.22.9
35.30.0.9,137.48.48.4
35.29.60,137.47.25.3
35.11.8.7,136.37.33.5
35.24.16.5,136.54.48.9
35.27.26.6,136.51.3.4
35.44.45.9,136.56.54.4
35.48.48.2,136.53.55.9
36.12.24.6,137.13.9.7
35.23.19.4,136.44.50.7
35.24.11.2,136.55.46.4
35.22.12.9,137.11.30.1
35.25.13.6,137.0.26.9
35.20.51.1,136.36.25.3
35.21.37.5,136.38.41.7
35.24.42.4,136.46.2.3
35.24.59.6,136.46.54.4
35.22.13.3,136.45.8.2
35.24.54.2,136.44.49.7
35.26.37.9,136.39.48.8
35.28.28.6,137.6.38.5
35.25.13.7,136.45.26.8
35.31.26.6,137.28.14.4
35.26.45.6,137.24.38.1
35.30.58.8,137.31.53.7
35.30.58.8,137.31.53.7
35.31.4.4,137.31.49.2
35.31.11.6,137.31.50.1
35.31.15.4,137.32.0.9
35.31.25,137.31.60
35.20.8,137.6.42.3
35.21.58.7,137.11.16.4
35.22.2.5,137.11.35.1
35.22.0.7,137.12.36
35.26.48.4,137.24.46.6
35.28.53.9,137.29.56
35.22.25.5,137.11.33.7
35.22.31.4,137.11.40.2
35.22.36.9,137.11.39.2
35.22.35.8,137.11.32.3
35.22.32.6,137.11.26.9
35.22.38.2,137.11.25.5
36.9.11.4,137.14.40.6
35.23.1.7,136.40.51.3
35.20.9.7,136.37.16.5
35.23.43.7,136.43.34.7
35.23.18.1,136.45.4
35.23.17.7,136.45.16.5
35.23.42,136.43.21
35.23.43.5,136.43.28.4
35.23.15.1,136.41.29.6
35.23.12,136.47.4.8
35.26.9,137.2.29.5
35.26.47,136.59.57.2
35.22.42.2,136.37.5.7
35.22.42.8,136.36.22.2
35.22.4.7,136.34.0.6
35.23.20.2,136.47.47.4
35.44.17.7,136.56.53.7
35.26.38.8,136.50.2.1
35.6.30.8,138.54.37.2
34.41.23.1,137.46.9.5
34.56.25.1,138.19.10
35.7.40.1,138.48.1.3
35.7.53,138.47.21.9
35.13.40.9,138.37.27.5
35.13.23.7,138.37.48.2
35.16.45,138.55.6
35.11.13.2,138.54.9.4
34.40.29.2,137.47.52.4
34.50.46,137.56.14.9
34.46.53.9,138.2.24.5
34.50.13.7,138.10.57.6
34.51.24.2,138.14.55.5
35.2.50.5,138.54.50.3
35.9.22.9,138.38.0.8
35.6.2.5,138.50.41.7
35.11.57.1,138.34.35.8
35.16.57.9,138.38.32.9
35.2.56.2,139.4.19.1
34.45.35.8,137.58.18.8
34.52.12,138.17.57.9
35.15.32.7,138.33.35.3
34.57.52.2,139.5.29.5
34.46.47.8,138.15.9.8
35.5.26.1,138.57.16.3
34.58.10.1,138.50.37
35.6.21.2,138.50.14.6
34.50.49.6,138.15.32
35.16.58.5,138.39.41.3
35.10.32.7,138.41.36.9
35.10.17.9,138.41.23.6
35.9.10.1,138.37.16.7
34.56.9.3,139.4.56
35.20.0.6,138.34.31.2
35.12.10.8,138.54.14.1
35.9.28.3,138.38.38.7
35.8.29.7,139.1.56
35.20.7,139.0.0
34.46.56.6,138.8.6.6
34.59.39.8,138.24.27.9
34.57.10.5,138.24.24.2
35.0.6.8,138.26.40.6
34.56.35.1,138.23.38.4
34.57.56.7,138.24.36.1
35.0.36.5,138.29.21.7
35.2.20.8,138.29.15.4
34.58.25.2,138.22.38
35.0.30.4,138.27.38.1
34.56.42.3,138.21.24
35.1.8.2,138.27.57.2
34.58.37.6,138.25.28.1
35.1.20.9,138.21.40.1
35.0.35.9,138.29.33.6
34.59.14.8,138.25.27.3
35.2.9.9,138.28.59.6
35.0.45.9,138.11.37
34.57.37.7,138.24.53.6
34.56.22.9,138.23.42.6
34.56.37.1,138.24.53.1
34.57.57.7,138.23.23.1
34.45.10.4,137.43.22.8
34.40.50.5,137.38.53.2
34.41.59.3,137.42.28.6
35.6.31.3,138.53.53.5
35.6.32.7,138.53.48.3
35.0.38.2,138.25.50.9
34.56.48,138.19.49.6
35.1.23.3,138.28.44.5
34.58.29.2,138.23.36.1
34.58.14.2,138.23.4.8
35.3.48.9,138.31.27.6
35.10.6.5,138.40.48.2
35.13.12,138.38.28.3
35.13.49,138.37.20.8
35.11.4.1,138.40.33.8
34.41.15.1,137.46.1.9
34.42.49.9,137.46.52.9
34.43.54.3,137.47.53.9
35.4.54.1,138.55.60
34.50.49.3,138.17.59
35.0.52.4,138.29.5
35.0.52.6,138.29.9.8
34.58.42,138.21.59
34.58.38.3,138.22.6.5
34.59.10.8,138.22.1.6
34.56.38.7,138.21.31.7
34.56.38.6,138.21.46.5
34.56.1.4,138.23.0.3
34.43.30.5,137.46.44.8
34.42.29.8,137.43.27.6
34.43.41.6,137.43.13
34.46.4.3,137.43.3.4
34.45.8.2,137.43.39.7
34.42.0.5,137.42.8
34.43.15.2,137.45.53.9
34.42.47.8,137.45.35.8
34.42.29.5,137.44.29.3
34.43.8.3,137.43.7.2
34.43.52.1,137.43.18
34.44.33.8,137.43.26
34.47.60,137.41.53.7
34.46.25.3,137.43.45.7
34.50.5.1,137.46.53.3
34.41.59.6,137.42.2.4
34.41.58.7,137.42.58.4
34.45.40.3,137.40.55.3
34.48.14.5,137.43.52.3
34.42.36.2,137.45.9
34.42.39.7,137.45.17
34.42.11.2,137.43.43.6
34.42.14,137.43.43.8
34.42.15,137.43.43.6
34.44.21.9,137.46.20.5
34.48.34.3,137.48.0.6
34.43.19.8,137.41.51
34.42.18.9,137.43.42.1
34.42.11.2,137.43.43.6
34.41.59.7,137.43.37.6
34.45.1.1,137.47.4.6
34.48.34.1,137.48.56.3
34.46.41.5,137.42.17.7
34.44.6.9,137.43.25.8
34.44.6.5,137.43.34.1
34.43.28.9,137.41.12.7
34.43.33.9,137.43.42.1
34.42.29.6,137.44.2.7
34.42.28.1,137.37.4.5
34.41.52.5,137.40.45.2
34.46.38.3,137.42.8.2
34.42.32,137.44.53.3
34.43.31.5,137.43.52.9
34.45.44,137.40.57.8
34.43.14.3,137.44.4.3
34.43.49.6,137.43.39
34.43.3.2,137.44.59.8
34.44.48.6,137.43.36.9
35.4.45.7,137.7.38.8
35.4.56.5,137.8.10.6
35.7.56.8,136.59.58.8
35.4.18.6,136.45.37.1
35.4.37.5,136.47.46.8
35.4.37.9,136.48.20.7
35.3.57.5,136.55.43.1
35.7.53.6,136.58.55.4
35.8.26.8,136.59.21.7
35.8.17,136.59.41.4
35.6.58.7,136.55.7.1
35.9.43.3,136.53.53.1
35.7.26.1,136.53.52.5
35.14.29.5,136.50.47.8
35.11.27.9,136.54.46.4
35.13.25.3,136.54.36.8
35.14.35.7,136.57.56.9
35.13.29.1,136.54.35.3
35.13.29.2,136.57.37.1
35.11.1.5,136.53.25
35.10.59.2,136.54.48.6
35.11.22.5,136.52.35.6
35.16.53.9,136.49.48.4
35.18.43.5,136.49.4.2
35.18.52.4,136.48.57.1
35.15.33.4,136.59.5.4
35.16.28.8,136.54.25.8
34.45.5.6,137.24.45.6
34.44.6.8,137.25.28.2
34.49.49.8,137.19.53.7
34.46.47.3,137.23.1.5
34.45.53.8,137.24.4.8
34.45.12.3,137.24.42.2
34.45.37.4,137.24.23.8
34.55.1.7,137.12.43.1
34.50.43.2,137.19.17.9
34.52.53.6,137.16.6.5
34.55.49.5,137.11.50.8
35.6.3.3,137.3.47.5
35.7.30,137.0.0.8
35.21.22.7,136.56.7
35.22.21.8,136.57.56.1
35.13.4.4,136.54.36.9
35.7.14.1,137.0.1.2
35.12.37.4,136.54.39.6
35.16.26.3,136.49.48.8
35.18.9.9,137.1.19
35.3.45.5,136.55.48.7
35.3.12.3,136.59.51.4
35.9.52,136.53.53.1
35.13.42.9,136.51.7.1
34.47.43.8,136.51.38.6
34.56.40.9,136.59.38.6
35.8.31.1,136.43.45.9
35.14.30.1,136.43.9.5
35.13.13.9,136.49.34.6
35.13.55.8,136.56.34.6
35.16.50.1,136.44.40.6
35.18.33.5,136.47.53.3
35.19.8.8,136.54.20.8
34.42.53.7,137.23.11.6
34.47.56.8,137.11.2.4
34.45.44.1,137.27.24.5
34.48.11.6,137.26.25.2
34.49.27.1,137.22.53.2
34.45.41.1,137.24.25.2
34.53.3.3,136.59.54
34.54.13.8,137.0.7.5
35.1.37.9,137.10.35.1
35.5.34.4,137.3.43.9
35.7.44.8,137.9.15.1
35.16.19.6,137.1.4.5
35.20.27.5,136.49.13.2
35.20.58.2,136.52.23.6
35.23.17.8,136.56.42.5
34.53.45.7,136.56.13.7
34.56.14.3,136.56.53.9
35.2.11.9,136.54.57.4
35.11.2.4,136.48.39.4
35.11.1.6,136.49.46.9
35.14.28.3,136.52.11.7
34.49.38.8,137.12.41.6
34.47.5.2,137.20.37.3
34.49.42.5,137.24.26.4
34.46.22.2,137.23.2.6
34.54.8.2,137.10.26.1
34.56.33.6,137.11.3.7
35.3.8.3,137.11.9.9
35.13.37.4,137.6.22.5
34.53.2.5,136.55.7.3
35.2.36.3,136.55.2.5
35.11.54.4,136.51.50.7
35.16.38.8,136.55.43.8
34.44.54.5,137.22.43.8
34.53.51.5,137.8.2.7
34.53.53.3,136.50.25
34.48.58.4,137.19.0
35.12.54.4,137.3.3.2
34.45.32.4,137.24.21.9
35.7.20.4,137.0.59.5
35.3.30.9,137.2.48.1
35.18.19.6,136.53.8.6
35.10.33.1,136.44.21.4
34.55.41,137.9.36.7
35.21.9.2,136.46.19.6
35.7.7.4,136.42.52.5
34.58.4.1,136.51.20.4
35.21.47.3,136.57.3.5
35.13.47.3,137.6.47.6
35.16.15.9,136.57.17.8
35.5.51.1,137.5.33.9
34.59.22.7,137.10.14.7
34.55.54,137.10.39.2
34.56.51.8,137.5.43.1
34.49.47.5,137.21.32.8
35.7.3.2,136.42.56.3
34.49.9.8,137.23.56
34.42.55.8,137.23.1.5
35.10.5.8,136.55.16.2
35.12.55.5,136.53.22.2
35.9.27.2,136.50.21.4
35.5.41.1,136.52.18.6
35.5.38,136.51.24
35.6.17.9,136.53.3.8
35.5.47,136.57.6.6
35.6.8.8,136.58.35.5
35.7.38.3,136.59.9.5
35.10.2.4,136.52.51.3
35.9.28.9,136.55.5
35.10.10.6,136.56.23.3
35.9.58.6,136.57.2.2
35.9.52.9,136.57.41.5
35.6.19.7,136.54.37.9
35.10.39.2,136.52.3.1
35.11.4.9,136.52.27.3
35.12.13,136.57.27.5
35.11.33.4,136.53.59.4
35.11.36.1,136.54.26.3
35.5.4,136.56.41.3
35.7.16.2,136.59.18.1
35.9.29.6,136.56.20.3
34.44.48.5,137.24.50.8
34.45.46.4,137.24.15.4
34.46.4.4,137.23.25.3
34.46.35.5,137.23.13.7
34.49.34.6,137.20.24.3
34.52.1.9,137.17.41.4
34.54.4.7,137.14.15.5
34.57.31,137.9.19.1
35.3.56.6,136.58.7.3
35.4.3.9,136.57.56.5
35.4.42.3,136.56.40.5
35.5.4.5,136.56.3.9
35.6.29.1,136.55.22.6
35.6.41.4,136.55.21.6
35.7.19.3,136.54.25.8
35.7.26,136.53.17.4
35.6.52.3,136.44.16
35.9.29.5,136.53.54.9
35.10.9.8,136.53.50.2
35.10.22.5,136.53.48.6
35.10.25,136.54.27.8
35.10.27.4,136.54.52
35.10.45.5,136.55.19.1
35.11.0.7,136.55.24.7
35.11.57.6,136.56.20.2
35.10.39.1,136.53.47
35.10.55.8,136.53.39.9
35.11.5.2,136.53.9.8
35.11.16.1,136.52.31.9
34.57.35.3,137.2.14.4
35.6.3.6,136.52.37.1
35.5.54.2,136.51.28.7
35.4.38,136.48.38.3
35.4.26,136.55.32.7
35.4.38.9,136.49.0.7
35.11.49.6,136.54.43.6
35.16.44.1,136.54.23.4
35.17.25.2,136.54.20.1
35.18.22.1,136.54.43.3
35.18.32.6,136.54.46.7
35.7.47.9,136.58.52.8
35.10.10,137.25.21.5
35.2.17.6,137.5.36.1
35.8.30.1,136.48.54.6
35.8.46.5,136.49.0.1
35.13.18.5,136.58.17.5
35.12.2.3,136.59.35.6
35.11.43.6,136.59.46.1
35.11.30.7,136.59.53.4
35.11.13.3,137.0.4.8
35.10.15,137.0.17.2
35.9.24.4,137.0.16.1
35.5.52,136.59.27.6
34.48.30.8,137.18.26.5
34.50.8.2,137.24.35.4
35.15.59.3,137.0.56
35.16.3.1,137.0.37.4
35.18.59.1,136.51.45.1
35.0.29.3,136.54.31.6
35.16.1.5,137.0.45
34.54.45.1,136.57.53.6
34.53.10,136.51.14.2
34.57.35.7,137.9.20.5
34.48.40.6,137.25.11.8
34.58.14.5,136.58.37.5
34.57.23.7,137.0.52.6
34.57.0.4,137.0.31.2
34.43.40.4,137.26.5.2
34.49.19.2,137.23.21.2
35.17.16.7,136.51.46.2
34.56.42.6,137.7.11.1
34.43.0.6,137.24.20.4
35.9.2,136.47.54.5
34.56.41.1,137.7.16
34.56.51.9,136.54.48.6
34.55.50,137.9.13.2
34.59.2.5,137.7.56.1
35.7.32,137.1.25.8
35.12.20.9,136.51.27.9
35.14.24.4,136.56.4.6
35.14.14.3,136.50.2
35.19.57.2,136.51.52.5
35.20.42.6,136.53.22.4
35.21.7.7,136.54.8.3
35.15.7.5,137.0.38.5
35.3.27.8,137.8.0
35.9.19.7,136.47.8.8
35.16.26.4,137.1.53.8
35.12.24.7,137.1.22.6
35.1.3.1,137.0.22.4
34.48.8.7,137.24.4.6
34.46.35.1,137.23.14.1
34.43.56.6,137.23.56.3
34.45.43.5,137.24.26.1
34.44.52.3,137.23.47.9
34.45.26.5,137.22.12.6
35.5.40.6,137.6.34.8
34.50.19.4,137.19.46.5
34.58.54.8,137.9.21.3
34.58.5.5,137.10.53.9
35.15.2.4,136.56.9
34.52.56.8,136.50.51.2
34.52.15.3,137.3.48.4
34.55.56.4,137.10.30
34.55.50.2,137.9.30.4
34.59.13.8,137.1.2.6
35.7.2.7,137.2.53
35.10.19.7,136.47.48
34.57.48.1,137.5.30.5
35.10.56.9,136.50.31.7
35.18.27.6,136.44.57
35.20.12.1,136.51.42.3
35.15.45.2,136.49.12.4
35.16.18.3,137.2.16.3
35.13.30.2,137.5.54.7
35.1.54.8,136.56.54.8
34.52.8.4,137.2.39.2
34.48.2.2,137.20.46.3
34.43.24,137.23.11.1
34.54.10.1,137.29.45.6
35.3.12,137.8.5.6
35.2.51.1,137.9.57.2
35.13.48.9,136.57.16.7
34.58.35,137.9.37.1
34.58.12.9,136.58.11.4
35.16.28.9,136.50.20
34.58.44.8,137.8.16.2
34.52.5.8,136.59.45.1
35.17.36.2,136.45.41.5
35.20.20,136.49.53.7
35.19.21.8,136.49.3.7
35.8.1.3,137.0.55.7
34.56.35.3,137.9.10.4
34.55.1.9,137.11.28.3
35.17.55.6,136.51.9.7
34.52.30.2,136.58.56
34.59.40.4,136.58.8.6
34.47.23.1,137.24.49.7
35.9.17.6,136.47.43.7
35.20.48.3,136.55.5
35.16.58.2,136.58.16.6
35.1.44.9,136.56.41.1
34.53.22.4,136.50.13.4
35.9.38.2,136.58.35
35.10.39.7,136.53.22.9
35.10.3.3,136.53.6.5
35.9.34.9,136.53.29.9
35.9.37.9,136.55.12.9
35.8.59.7,136.54.13.3
35.9.22.1,136.54.57.9
35.8.21.9,136.49.59.6
35.8.25.9,136.52.0.1
35.6.28.1,136.54.35.2
35.5.27.3,136.54.48.6
35.13.4,136.58.55.5
35.12.48.1,136.57.52.1
34.4.6.5,136.11.20.8
34.4.42.9,136.11.24.5
34.51.40.7,136.35.10.9
34.58.31.5,136.37.31.7
35.4.11.7,136.41.14.7
34.4.21.9,136.11.15.3
35.2.2.2,136.40.18.6
33.48.56.7,136.3.2
35.4.39.1,136.38.2
35.4.44.3,136.41.14.5
35.0.45.4,136.33.17.6
34.55.51.9,136.34.2.3
34.50.39.8,136.34.41.8
34.34.26.6,136.38.2.4
34.37.2.7,136.27.40.6
34.34.53.5,136.29.29.7
34.37.43,136.28.54.1
34.26.43.6,136.38.21
34.29.17.9,136.41.12.1
34.29.35.8,136.41.12.7
34.29.3.2,136.43.31.6
34.28.48.2,136.43.38.7
34.30.17.3,136.46.33.9
34.30.26.1,136.41.41
34.36.56.3,136.5.59.4
34.46.42.6,136.12.58.3
34.50.35,136.7.30.8
34.39.33.1,136.10.58.2
33.56.24.5,136.4.54.5
34.35.28.4,136.32.43.8
35.2.55.2,136.40.41.5
34.57.54.2,136.37.19.7
34.45.23,136.31.22.9
34.43.6.1,136.30.36.8
34.46.5.1,136.31.33.9
34.41.22.5,136.30.48.9
34.51.47.4,136.27.12.4
34.30.23.5,136.42.32.4
34.39.8.4,136.31.11.1
35.0.28.4,136.39.15.5
35.4.14.8,136.41.13.3
35.3.26.2,136.41.3
35.0.24.3,136.39.15.9
35.4.6.8,136.41.13.6
34.50.13.5,136.35.16.6
34.43.53.9,136.30.47.1
34.30.29.4,136.43.24.5
34.56.49.9,136.36.22.7
34.50.49.5,136.35.21.8
34.44.39.7,136.31.7.6
34.44.21.8,136.30.54.5
34.42.53,136.30.32.6
34.43.8.5,136.28.18
34.50.29.9,136.22.6.3
34.50.29.6,136.21.54.1
34.50.23,136.19.21.5
34.50.21.8,136.15.32.5
34.45.0.6,136.7.28.9
33.54.5,136.6.52.7
34.12.42.2,136.20.3.7
34.23.52.4,136.24.57.3
34.4.33.6,136.11.20.2
34.23.37,136.24.34.4
34.4.38.4,136.11.22.4
33.49.24.3,136.3.15.2
35.9.35.4,136.30.28.2
35.3.8.8,136.39.25.2
34.51.29.3,136.23.50.7
34.49.38.4,136.31.41.5
34.55.18.1,136.30.29.1
34.55.32.8,136.31.25.3
34.53.47.3,136.37.1
34.40.58.8,136.28.3.8
34.28.30.2,136.43.43.3
34.29.17.3,136.42.25.3
34.26.15.6,136.38.50
34.29.8.8,136.42.32.4
34.27.59.9,136.43.11.5
34.30.4.4,136.41.47.8
35.0.8.1,135.51.58.9
34.59.6.8,135.55.33.8
35.0.2.6,136.6.9.9
34.58.57.2,136.8.44.7
35.0.29.2,136.5.28.8
35.23.51.3,136.16.14.3
34.58.42.2,135.54.47.9
34.59.57.9,135.56.49.9
35.1.22,135.59.1.7
35.1.5.4,136.4.36.2
35.6.27.9,136.5.39.2
35.23.21,136.15.55.4
35.25.32.1,136.17.42.6
35.1.30.9,135.56.54.8
35.1.48.3,135.51.34.7
35.13.58.3,136.16.10
34.59.26,135.53.45.6
35.15.34.3,136.12.41.6
35.1.19.6,136.3.52.3
34.59.34.2,135.56.20
35.15.49,136.15.58.2
35.23.33.4,136.16.55.8
35.18.36.9,136.16.25.4
35.0.14,135.52.52.3
35.0.8.1,135.53.22.1
34.58.32.2,135.56.46.7
34.58.21.8,135.54.27.7
34.59.47.4,135.54.58.7
35.1.41.2,135.57.4.9
35.0.33.3,135.57.55.2
35.4.47.1,135.57.20.4
35.5.29.1,136.11.42.8
35.15.48.8,136.14.1.6
35.14.28.2,136.14.42.3
34.55.46.9,135.46.4.7
34.53.4.6,135.44.25.3
34.53.26.3,135.44.37.9
34.55.47.7,135.42.48.4
34.59.38.5,135.46.33
34.59.43,135.45.9.4
34.58.26.1,135.41.12
34.57.11.6,135.43.0.2
35.14.1.6,135.34.5.4
35.14.6.2,135.33.57.8
35.36.34.3,135.4.13.4
35.24.31,135.11.46.3
35.20.22.1,135.35.0.7
34.57.53.7,135.44.2.5
34.59.21.2,135.43.53.9
34.55.17.3,135.43.59.4
34.59.55.1,135.43.55.3
34.57.21.8,135.45.7.9
34.57.58,135.45.11.9
35.1.18.2,135.44.33.2
34.56.19.2,135.46.4.8
34.57.53.8,135.43.57.8
34.41.58.6,135.32.16
34.49.18.3,135.40.42.6
34.48.9.4,135.38.35.6
34.41.55.6,135.31.59.6
34.41.51.4,135.30.39.7
34.45.9.8,135.38.8.5
34.41.54.1,135.29.43.9
34.34.34,135.37.48.3
34.36.7.4,135.36.50.1
34.36.41.8,135.35.49.7
34.37.26.3,135.33.43.1
34.38.9.3,135.32.22.9
34.38.42.4,135.29.47.9
34.23.59.8,135.18.39.2
34.29.10.6,135.25.2.1
34.38.10.3,135.29.39.5
34.37.2.4,135.29.18
34.31.11.6,135.26.48.9
34.22.57.4,135.17.33
34.44.10.8,135.36.15.5
34.44.26.6,135.37.17.8
34.52.8.7,135.39.38.7
34.50.38.9,135.36.54.4
34.49.55.2,135.33.33.1
34.50.10.8,135.33.18.7
34.50.8,135.30.17.7
34.23.33.5,135.18.41.6
34.24.14.4,135.20.44.2
34.28.17.3,135.23.59.4
34.26.8.3,135.32.32.5
34.31.21.7,135.37.37.2
34.38.58.8,135.36.19.2
34.49.29,135.25.25.8
34.49.51.7,135.35.29.9
34.50.43.8,135.37.41.6
34.28.12,135.25.1.8
34.40.41.7,135.34.1.2
34.40.43.4,135.35.5.9
34.46.58.6,135.35.7.9
34.47.45.7,135.35.5.7
34.40.14.2,135.36.6
34.45.5.9,135.31.32.3
34.48.55.4,135.38.32.1
34.47.56.5,135.26.23.8
34.51.0,135.36.8.6
34.49.57.5,135.36.1.2
34.42.24.8,135.36.20.5
34.20.58.9,135.13.55.9
34.49.15.8,135.42.51.9
34.50.13,135.41.39.5
34.45.14.3,135.31.25.3
34.24.29.2,135.20.48.1
34.47.3,135.33.57.3
34.41.3.1,135.27.23
34.33.6.7,135.28.29.7
34.33.56.2,135.30.21.3
34.35.20.6,135.29.18.3
34.32.1.6,135.34.50.7
34.30.58.2,135.29.13.1
34.33.9.1,135.30.12.5
34.31.34,135.27.3.6
34.30.36.7,135.29.17
34.41.53.3,135.30.2.1
34.41.49.2,135.31.5.3
34.40.6,135.27.44.4
34.45.12,135.34.33.9
34.43.54.4,135.33.20.1
34.48.47.9,135.42.57.8
34.48.1.8,135.42.19.6
34.45.32.4,135.38.48.9
34.35.17.3,135.37.8.4
34.35.56.2,135.36.59.5
34.23.59.8,135.18.39.2
34.23.41.5,135.18.25.4
34.20.34.7,135.15.2.8
34.39.22.6,135.28.28.3
34.49.48.9,135.33.40.3
34.24.11.1,135.18.33.4
34.27.31.7,135.23.24
34.24.25.8,135.19.20.2
34.41.56.3,135.32.3.5
34.41.54,135.29.55.8
34.36.52.8,135.29.14.9
34.48.54.2,135.27.43.9
34.44.56.7,135.34.39.7
34.44.56.4,135.34.40
34.43.57.4,135.33.24.2
34.34.8.2,135.38.10.6
34.34.14.8,135.38.10.9
34.34.48.5,135.37.39.7
34.37.29.8,135.33.22.7
34.39.2.5,135.31.17.5
34.30.53,135.26.24.8
34.42.55.6,135.32.47.8
34.33.21.7,135.39.5.3
34.33.14.8,135.39.13.4
34.50.55.4,135.36.38.7
34.49.41.7,135.33.43.1
34.49.47.9,135.29.18.6
34.48.8.8,135.25.51.8
34.48.8.8,135.25.52.2
34.29.19.3,135.25.9.9
34.25.31.8,135.29.22.2
34.34.29.1,135.32.7.1
34.40.52,135.31.16
34.43.6.6,135.26.41.2
34.43.8.7,135.26.37.9
34.43.9.2,135.26.38
34.43.10.5,135.26.31.6
34.43.10.7,135.25.42.4
34.43.15.7,135.24.59.7
34.43.34.7,135.23.51.2
34.44.15.8,135.20.50.3
34.43.13.7,135.16.0.5
34.41.11.5,135.11.53.1
34.39.47.1,135.9.39.7
34.39.16.1,135.8.45
34.38.35.3,135.6.40.3
34.37.53.8,135.4.33.5
34.38.37.1,135.1.5.4
34.38.47.5,135.0.25.7
34.39.19.4,134.58.31.2
34.35.10.4,135.1.21
34.31.34.1,134.59.25.6
34.42.44.4,135.25.33.1
34.44.0.2,135.20.28.8
34.44.0.8,135.20.18.3
34.44.1.4,135.20.8.8
34.43.21,135.17.42.2
34.42.49.7,135.16.41.8
34.44.39.1,135.20.20.5
34.55.18.5,134.57.34
34.49.7.2,135.19.21.3
34.48.26.8,134.41.45.6
34.49.0.3,134.39.45.6
34.49.32,134.31.8.5
34.49.37.1,134.26.50.8
34.53.23.4,134.36.14.9
35.0.14.2,134.32.51.6
35.28.23,134.35.41.2
35.33.38.7,134.29.2.9
34.31.36.8,134.53.11.4
34.40.8.5,134.57.59
34.43.32.8,134.54.4.2
34.40.13.2,134.57.22.5
34.42.15.1,134.54.28.8
34.40.28,134.57.6.3
34.47.43.1,134.37.30.3
34.50.7.4,134.40.49.7
34.45.52,134.48.6.9
34.45.48.4,134.52.46.2
34.50.18.5,134.43.22.4
34.53.47.9,134.48.26
34.51.55.2,134.54.29.4
34.56.27.7,134.29.44
34.55.33.8,134.48.43.1
34.58.17.3,134.54.20.5
34.55.32.2,134.55.3.9
35.10.49.6,134.47.40.9
35.18.54.6,134.50.37.9
34.43.16.3,135.23.18.7
34.44.16.3,135.23.11.7
34.49.4.5,135.22.18.3
34.47.37.7,135.23.44.2
34.47.48.7,135.23.15.7
34.47.58.1,135.23.14.4
34.50.25.5,135.25.15.4
34.55.15.8,135.1.2.1
34.56.8.8,135.25.32.4
35.10.24.1,135.1.44.1
35.29.38.2,134.40.54.5
34.42.6.6,134.53.26.4
34.47.42.7,134.40.31.2
34.47.37.7,134.40.48.8
34.43.26.5,135.24.54.7
34.48.27.7,135.22.56.8
34.49.46.8,135.24.51.1
34.48.11.2,135.24.44.1
34.47.5.5,135.23.42.7
34.47.25.4,135.25.0.9
34.46.14,135.25.10.1
34.47.15.2,135.17.17.4
34.45.25.1,134.52.25
34.46.42.2,134.44.24.9
34.50.47,134.38.37.9
34.42.0.7,134.52.59.5
34.41.22.3,134.55.44.6
35.29.58.4,134.48.20.6
34.15.59.6,134.44.25.5
34.38.53.8,134.58.37.7
35.4.0.1,135.14.56.9
34.45.18.1,135.23.8.7
34.44.2.6,134.49.53.7
35.28.39.5,134.46.46.8
34.51.20.9,135.25.0
35.0.45.9,134.33.18
34.52.47.5,134.18.36.6
34.52.34.3,134.18.53.8
34.49.51.5,134.38.27.9
34.47.18.2,134.43.29.4
34.46.48.4,134.31.27.4
34.41.56.1,134.54.48.6
34.44.53.3,134.23.31
34.47.37.8,135.24.57.5
34.40.0.6,134.57.35
34.58.11,135.12.36
34.55.50.8,135.11.44.5
34.53.41.8,135.7.43.4
34.52.21.1,134.19.3.4
34.48.5.8,134.38.29.3
34.50.13.2,134.26.0.9
35.18.19,134.52.47.7
34.18.0.9,134.45.32.4
34.32.18.1,134.57.18.3
35.18.13,134.56.4.2
35.11.31.5,134.50.1.5
34.39.47.8,134.58.49.6
34.40.5.5,135.7.37.6
34.42.19.3,134.56.13.7
34.50.46.7,135.10.25.4
34.40.7.2,135.4.27.3
34.39.19.8,135.10.21.6
34.39.15.2,135.9.32.2
34.41.38.1,135.7.50.9
34.42.53.2,135.13.49.5
34.43.2.2,135.17.42.9
34.41.21.7,135.9.43.2
34.43.43.1,135.14.16
34.42.57.1,135.9.35.4
34.43.36.1,135.8.12.3
34.40.59,135.9.43.2
34.41.35.8,135.8.11.8
34.41.33.7,135.10.31.2
34.45.13.2,135.1.58.6
34.37.42.3,135.3.6.5
34.41.9,134.58.56.9
34.16.57.3,134.46.21
34.44.5.8,134.59.15.7
34.49.37.7,135.18.19.5
34.49.53.2,135.17.45.6
34.43.22.2,135.24.34.1
34.42.38.5,135.14.9.7
34.42.32,135.13.50.3
34.41.38.4,135.11.47.8
34.39.29.2,135.9.9.8
34.37.59,135.4.55.5
34.39.10.8,134.58.36.6
34.40.21.6,134.58.53.6
34.42.37.1,135.14.49.8
34.38.39.5,134.59.35.6
34.20.36,134.52.50
34.44.42.4,135.20.25.9
34.45.33.2,134.51.25.9
35.6.44.5,134.34.25.2
34.40.29.5,135.48.2.1
34.36.30.5,135.43.51.8
34.29.19.4,135.45.48.3
34.31.14.9,135.52.28.8
34.31.36,135.53.59
34.37.45.5,135.41.58.9
34.39.10.9,135.47.7.4
34.39.16.8,135.53.56.3
34.40.16.9,135.50.26.9
34.41.52.1,135.50.13.8
34.42.46.3,136.2.34.6
34.31.58.7,135.44.12.6
34.41.3.6,135.48.47.3
34.36.49.1,135.46.6.8
34.32.3.6,135.44.1.4
34.31.25,135.46.9.7
34.30.30.8,135.50.8.1
34.40.15.1,135.50.5.4
34.19.2.6,135.51.33.8
34.42.14.6,135.41.48.9
34.37.58.8,135.46.7.1
34.40.32.6,135.50.5.5
34.40.40.2,135.50.22.6
34.12.48.5,135.59.55.9
34.39.41.2,135.47.18.5
34.32.18.8,135.42.13
34.25.43.7,135.49.33.9
34.0.11.9,135.58.32
34.36.26.7,135.43.0.2
34.29.46.7,135.48.7.3
34.36.37.6,135.47.53
34.37.9.1,135.45.23.9
34.33.1.6,135.46.39.2
34.29.47.5,135.44.5.8
34.41.29.9,135.48.42.8
34.37.9.5,135.46.3
34.36.44,135.44.33.2
34.34.20.7,135.46.51
34.30.10.6,135.47.19.2
34.33.14.7,135.46.40.3
34.36.37,135.47.53.3
34.29.46.3,135.44.36.1
34.30.9.3,135.47.22.1
34.41.3.1,135.47.12.9
34.41.5.7,135.44.26.5
34.41.30.1,135.49.21.7
34.38.6.6,135.49.33.2
34.40.11.8,135.48.23.5
34.39.36.4,135.42.29.9
34.42.29.4,135.42.22
34.42.36.7,135.42.2.5
34.35.50.8,135.41.39.2
34.37.47.2,135.42.5.2
34.37.33.8,135.42.14.8
34.31.9.5,135.50.37.6
34.32.34.5,135.43.11.3
34.30.31.5,135.41.27.7
34.30.31.8,135.48.4.5
34.31.15.8,135.47.44.3
34.30.4.4,135.47.45.4
34.31.15.2,135.48.5.1
34.33.15.9,135.48.45.9
34.27.43.3,135.47.54.2
34.33.29.4,135.57.30.7
34.27.12,135.57.27.3
34.23.11.2,135.48.8.8
34.16.23.4,136.0.42
34.23.36.9,135.50.23.3
34.22.41.7,135.47.14.8
34.22.9.9,135.41.11.5
34.21.6,135.41.43.2
34.22.18.2,135.43.47.2
34.22.21.8,135.44.17.3
34.16.7.6,135.24.21.7
34.14.41.6,135.11.55.9
33.39.8.9,135.24.11.4
33.41.45.8,135.25.6.6
33.42.10,135.24.57.8
33.41.33.8,135.25.47.5
34.13.51.2,135.10.56
34.14.38.1,135.9.4.6
34.12.49.5,135.11.10
34.17.12.9,135.18.21.8
34.15.21,135.9.51.5
34.19.7.9,135.28.43.5
34.9.23.6,135.12.48.2
34.15.42.8,135.17.33.7
34.13.49.3,135.12.35
34.15.22.3,135.15.32.9
34.15.40.9,135.19.6.5
34.15.44.3,135.19.24.3
34.15.40,135.19.1.7
34.14.17.9,135.10.37.1
34.15.44,135.21.54.6
34.15.11.5,135.10.28.5
34.9.12,135.12.33
34.13.32.1,135.10.12.6
34.13.1.9,135.10.10
33.44.24.7,135.23.34
33.44.26.9,135.23.26.4
33.43.9,135.59.13.2
34.15.13.5,135.8.45
33.43.23.7,135.23.54.7
33.43.28.4,135.23.47.9
34.13.34.6,135.10.41.5
34.13.46.8,135.10.2.7
34.13.47.3,135.10.41.3
34.15.34.5,135.10.24.4
34.14.54,135.8.58.8
34.14.14.3,135.9.10.8
34.13.55.1,135.11.21.3
34.13.41.7,135.11.22.8
34.12.3.3,135.11.5.9
35.29.55.3,133.48.53.9
35.29.52.3,134.11.43.7
35.27.5.2,133.21.27.6
35.26.58.4,133.21.54.3
35.25.59.5,133.20.1.9
35.19.49.4,134.6.28.6
35.34.27.7,134.19.58.6
35.29.53.3,134.13.14.5
35.29.50.5,134.12.33.7
35.28.53.9,134.15.15.1
35.35.26.7,134.19.58.2
35.30.48,133.59.38.6
35.25.36.9,133.50.37.2
35.30.33.5,133.37.52.7
35.30.31.8,133.37.52.5
35.27.49.2,133.50.40.9
35.28.17.8,133.41.49.5
35.26.35.3,133.48.33.2
35.21.37.4,133.25.40.9
35.28.8.5,133.18.25.2
35.25.44.1,133.15.25.2
35.26.3.7,133.0.44.8
34.53.17.8,132.3.54.4
35.8.46.7,133.5.7.3
35.20.1.2,132.43.5.5
34.40.31.1,132.2.53.8
35.24.42.6,132.54.35.9
35.21.17.2,132.43.27.7
35.22.13.7,132.44.43.3
35.17.26.3,132.38.0.9
35.12.17,132.30.1.3
35.11.52.3,132.28.58.4
35.27.32.1,133.4.0
35.22.34.3,132.46.4.2
35.22.24,132.47.27.9
35.22.22.7,132.45.8.1
35.27.32.2,133.3.11.5
35.0.38.8,132.13.10.3
35.29.9.8,133.2.34.2
35.29.24.1,133.5.7.1
35.27.53.8,133.3.53.9
35.27.50.8,133.3.54.9
35.27.17.7,133.4.5.1
34.31.6.6,133.34.16.1
34.39.9.2,133.55.34
34.44.25.7,134.10.0.1
34.45.33.9,134.13.14.4
34.34.36.3,133.43.34.3
34.35.49,133.53.42.7
34.37.60,133.55.8.8
35.3.32.3,134.2.20.8
34.28.22.4,133.30.3.1
34.32.17.9,133.53.40.3
34.41.24.6,133.48.58.4
34.48.52.6,133.56.21.2
34.45.52.8,133.55.41.4
34.40.24.7,133.50.50.8
34.31.28,133.34.58.1
34.37.6.6,133.51.7.2
34.40.35.9,133.52.41.2
34.40.55.6,133.46.32
34.33.45.5,133.41.4.4
34.39.17.3,133.51.12.6
34.39.26.5,133.56.19.8
34.39.28.2,134.3.13.6
34.40.33.1,133.55.35
34.37.11,133.56.43.6
34.39.17,133.54.7.3
34.38.27.7,133.54.10.9
34.39.22.4,133.56.18.7
34.36.37.8,133.51.2.7
34.38.16,133.54.51.2
34.40.24.5,133.56.38
34.41.26.4,133.56.3.2
34.38.34.7,133.56.8.7
34.39.19.2,133.58.21.3
34.38.46.6,133.51.11.6
34.43.31.9,133.58.48.5
34.39.39,134.2.14.4
34.37.16.8,133.52.40.7
34.36.36.8,133.50.45.7
34.41.20.7,134.3.30.3
34.33.6.8,133.41.40.6
34.28.11.5,133.51.24.2
34.27.24.9,133.48.5.7
34.27.41.6,133.48.28
34.27.19.9,133.47.40.9
34.28.17.6,133.49.22
34.28.48.9,133.48.38.9
34.36.10.9,133.44.59.6
34.33.40.5,133.39.40.5
34.35.41.8,133.47.52.5
34.34.30.6,133.45.22.5
34.32.14.2,133.45.36
34.31.38.2,133.38.41.8
34.33.13.6,133.44.47.8
34.34.44.8,133.44.25.9
34.33.40.5,133.44.53
34.35.55.4,133.27.44.3
34.35.44.8,133.27.43.3
34.35.56.8,133.28.32.1
34.32.55,133.29.52.5
34.35.17.4,133.36.34.8
34.31.48.6,133.34.5
34.36.14.2,133.24.10
35.17.52.9,133.56.27.7
35.3.40.1,133.57.32
35.3.36.5,133.57.1
35.2.30.3,134.5.20.1
34.59.35.1,134.8.20.1
34.39.23,133.55.34.3
34.36.43.1,133.49.47.1
34.37.46.8,133.54.56.2
34.38.54.6,133.52.53.3
34.34.54.2,133.46.36.3
34.33.46,133.41.6.3
34.38.13.4,133.55.22.3
34.39.32.2,133.52.46.2
34.37.52.8,133.54.21.7
34.20.37.6,132.30.59.5
34.24.21.6,132.58.57.8
34.26.50.4,132.39.33.5
34.55.21.5,132.45.23.1
34.14.34.2,132.33.52.2
34.14.53.9,132.34.13.8
34.22.56.8,132.27.42.7
34.29.10.5,133.22.6.1
34.27.47.3,132.28.39.2
34.23.59.7,132.47.54.3
34.27.10.7,132.28.38.1
34.29.16,133.22.30
34.24.24.7,132.34.54.8
34.23.49.1,132.34.28.2
34.18.5,132.30.25
34.23.7,132.26.45.9
34.29.15.8,133.22.48.2
34.21.47.4,132.27.51.4
34.24.25.9,132.27.58
34.24.18.8,132.27.45.1
34.22.28.3,132.27.42.9
34.23.16.6,132.27.46.5
34.25.43.3,132.27.36.4
34.28.47.3,132.26.35.8
34.28.32.6,132.33.48.6
34.31.43.3,132.38.0.7
34.22.49.6,132.25.18.6
34.22.43.5,132.25.37.2
34.23.48,132.26.19.6
34.23.14.5,132.27.54.6
34.28.33.6,132.26.59.1
34.25.57.2,132.28.32.2
34.28.8.4,132.28.1
34.20.23.2,132.32.24.1
34.28.2.6,132.28.11.7
34.22.18.7,132.21.4.2
34.23.15,133.22.58.1
34.26.46.2,133.14.28.7
34.28.37.8,133.24.8.1
34.27.47.3,133.21.48.5
34.28.39.8,133.23.20
34.29.7.9,133.20.6.7
34.29.4.4,133.19.48.2
34.28.56.6,133.19.28.3
34.28.24.1,133.18.41.9
34.23.39.9,133.2.9.6
34.29.53.5,133.26.37.6
34.29.57.9,133.25.28.5
34.29.43.7,133.24.46.7
34.29.30.5,133.24.17.1
34.29.23.6,133.24.1
34.29.18.9,133.23.30.2
34.29.16.4,133.22.32.7
34.29.8,133.21.54.4
34.29.5.5,133.21.42.2
34.29.8.8,133.21.1.1
34.29.4,133.20.17.5
34.23.5.5,132.27.11.3
34.23.25.8,132.25.28.1
34.22.49.1,132.21.36.6
34.20.59.2,132.19.9.5
34.26.48.9,132.40.31.8
34.26.3,132.38.42.6
34.23.32.7,132.33.58.2
34.14.46.1,132.13.23.1
34.14.31.6,132.13.17.9
34.24.1.2,132.47.24
34.22.39.7,132.29.39.3
34.22.48.7,132.28.10
34.23.5.4,132.27.5.9
34.23.15.1,132.26.21.1
34.19.25.8,132.18.59.8
34.22.5.7,132.26.15
34.22.8.2,132.26.5
34.22.12.9,132.25.49.3
34.22.23.3,132.25.20
34.15.32.8,132.31.30.4
34.15.31.5,132.31.33.4
34.14.50.9,132.33.22.1
34.14.45.4,132.33.30.5
34.24.27.1,132.27.37.5
34.23.47.2,132.27.28.7
34.23.33,132.27.24.1
34.23.51.3,132.27.30.3
34.23.57.2,132.27.32.4
34.24.16.2,132.27.30.4
34.24.23,132.27.33.1
34.24.36.9,132.27.45.3
34.26.39.2,132.28.30.1
34.27.2.9,132.28.35.9
34.27.53.3,132.28.39.6
34.14.7.4,132.36.20.9
34.13.51.3,132.37.23.1
34.13.49.6,132.37.28.5
34.13.48,132.37.33.8
34.13.40.2,132.37.59.3
34.13.32.9,132.38.38
34.13.14.2,132.39.48.1
34.13.51,132.41.29.2
34.15.0.7,132.43.10.4
34.18.52.1,132.48.13.6
34.18.55.1,132.48.22.3
34.14.54.2,132.34.14.6
34.13.57,132.37.5.3
34.19.45.9,132.38.44.7
34.37.29.5,132.43.16.3
34.22.49.2,132.33.13
34.21.29.6,132.13.10.2
34.14.11.4,132.12.57
34.15.18.6,132.54.25.9
34.30.15.1,132.40.4.7
34.12.4.1,132.34.15.3
34.32.43.1,133.22.51.7
33.57.26.6,130.55.16.4
34.7.52.6,132.12.3.7
34.10.38.6,132.13.46.7
33.59.22.2,130.57.3.6
33.59.27.5,130.59.28.3
33.59.39.2,130.59.27.6
33.58.11.4,131.13.54
33.56.31.9,131.15.18.2
33.56.32.2,131.16.31.7
33.57.33.8,131.14.4.5
33.58.32.6,131.11.25.4
34.8.8,131.25.22.6
34.1.49.1,131.51.41.9
34.9.50.5,131.26.37.9
34.11.27.3,130.55.59.8
33.57.17.4,130.55.12.7
34.7.27.6,130.54.46.7
33.58.37.3,131.12.23.1
34.20.41.7,131.44.5.3
34.0.21.2,130.55.29.2
34.0.21.9,131.11.1.5
33.57.45.2,130.56.30.5
33.57.53,131.56.51.2
34.0.20.4,130.55.58.5
34.11.35.6,131.4.31.5
34.7.58.2,131.25.34.4
34.0.26.5,130.55.29.4
34.4.34.2,131.46.18.6
34.1.41.8,131.51.12.6
34.3.16.1,131.47.55.3
34.2.35,131.33.51.7
34.2.57.7,131.32.8.5
34.9.45.8,131.29.16.4
34.4.5.4,131.33.20.1
34.3.56.7,131.33.7
34.3.28.3,131.22.4.4
34.1.37.7,131.0.30.8
33.59.16.4,130.57.2
34.15.2.2,131.31.22.5
33.57.40.3,132.6.9.2
33.58.14.5,131.13.50.6
34.0.16.9,131.10.40.2
34.2.5.6,130.54.47.9
34.28.12.2,131.26.38
34.23.17.3,131.19.26.6
34.3.32.9,131.1.33.1
33.58.23.3,131.55.28.4
34.25.2.9,131.4.32.5
34.4.27.5,131.23.40.3
34.1.36.8,131.22.5.1
34.0.27.6,130.56.38.8
34.16.41.8,131.33.7.3
34.8.45.2,134.35.36.6
34.2.33.8,134.33.7.1
34.3.32,134.33.18.4
34.2.34.3,134.33.7.6
33.53.23.5,134.39.28.3
34.3.25.8,134.14.19
34.4.8.7,134.26.59.7
34.4.19.1,134.29.3.1
34.4.20.7,134.29.59.7
34.2.14.9,134.3.46.5
34.5.1.7,134.27.24.5
34.7.8.3,134.31.10.8
34.13.38.3,134.35.56.5
34.5.59.7,134.34.59.5
33.58.27.3,134.37.13.4
34.3.33.7,134.6.26
34.6.57.8,134.31.8.3
34.0.39.1,133.46.57.4
33.35.42.9,134.21.9.9
34.2.33.2,134.3.3.7
34.0.54.4,134.33.40.9
33.58.35.7,134.36.48.3
34.4.26.4,134.32.51.5
34.4.18,134.33.9.4
34.4.21.3,134.32.59.2
34.4.17.9,134.33.29.4
34.7.26.1,134.34.35.1
34.0.5.5,134.34.30.5
34.10.18.6,134.36.24.2
34.7.59.8,134.34.29.1
34.5.10.3,134.33.7.8
34.5.12.4,134.32.41.8
34.4.13.2,134.32.46.4
34.4.31.1,134.27.31.2
33.40.16.6,134.25.13
34.5.11.3,134.32.58.6
34.4.43.4,134.32.18.6
34.5.5.6,134.31.21.9
34.6.21,134.33.23.3
34.0.43.6,133.47.8.8
34.7.12.9,134.26.7.4
34.7.12.9,134.26.7.4
34.7.10.3,134.25.59.2
34.1.18.5,134.32.4.3
34.1.31.1,134.32.19.5
34.18.31,134.0.58.7
34.7.9.8,133.40.38.4
34.6.14.2,133.39.46.3
34.4.37.9,133.38.15.4
34.20.27.5,134.3.14.5
34.18.44,134.1.52.2
34.19.1.6,133.54.13.1
34.18.2.3,134.8.20.9
34.13.32.2,133.51.49.2
34.11.22.4,133.50.26.8
34.20.34.1,134.1.40.5
34.19.17.6,133.50.52.6
34.13.36.9,133.55.44.9
34.13.2.3,133.56.52.8
34.17.35.5,133.47.51
34.15.46,133.49.39.6
34.7.6.3,133.47.59.9
34.8.6.7,133.41.10.1
34.16.27.9,134.1.35.6
34.18.5.6,134.5.24.8
34.19.13.2,134.10.59
34.18.19.9,133.59.51.7
34.17.49.1,134.7.23.7
34.16.46.3,133.59.44.1
34.11.31.4,133.49.37.3
34.11.14.7,133.49.48.6
34.18.9,134.14.34
34.19.20.8,134.10.14.8
34.20.29.9,134.7.59
34.20.34.7,134.7.46.9
34.14.33.5,133.45.47
34.20.24.6,134.3.42.9
34.19.47.6,134.2.46.6
34.19.24,134.2.34.1
34.18.19.6,133.59.55.8
34.18.22.1,133.59.25.5
34.17.50.8,133.57.17.1
34.16.1.8,133.47.60
34.15.48.2,133.47.36
34.16.46.8,133.59.45.2
34.15.14.9,133.56.44
34.15.4.3,133.54.58.6
34.11.25.5,133.49.41.3
34.20.26.7,134.3.21.1
34.20.28.5,134.3.10.2
34.15.32.3,133.46.55.9
34.14.15.5,133.47.40.5
34.13.3.7,134.25.1.9
34.20.21.5,134.5.23.7
34.18.19.2,134.4.23.9
34.19.18.8,134.4.25.5
34.20.4.7,134.3.55.6
34.18.2.2,134.5.23.9
34.17.15.5,134.1.53
34.17.27.8,134.0.54.4
34.20.39.8,134.0.42.4
34.20.36.6,134.0.27.9
34.20.34.5,134.0.21.7
34.20.55.2,134.2.51
34.18.37.6,133.53.56
34.15.25.2,133.48.40.1
34.17.47.5,133.48.31.5
34.8.5.1,133.41.41.3
34.20.26.4,134.1.53
34.15.36.1,133.48.26.8
34.20.30.4,134.1.46.8
34.17.48.4,134.4.24.7
34.19.58.5,134.6.23
34.20.1.9,134.4.23.3
34.20.5.1,134.3.51.3
34.17.6.6,134.2.45.2
34.15.59.2,134.1.30.4
34.16.3.5,133.59.6.1
34.18.12.4,134.2.8.5
34.19.7.5,133.51.58.7
34.19.43.5,133.52.48.6
34.18.23.9,133.49.6.7
34.15.38.7,133.49.8.8
34.15.18.8,133.51.36.7
34.14.2.6,133.46.33.5
34.11.49.3,133.50.24.6
34.12.35.2,133.42.52.4
34.20.6.7,134.3.31.5
34.17.54.7,134.3.28.8
34.17.13.5,133.47.22.5
34.16.48.9,134.11.28.1
34.14.8.7,134.20.52.6
34.7.24.6,133.46.44
34.19.25.6,133.49.51.4
32.57.48.7,132.33.30
33.52.58.5,132.45.6.7
33.22.47.5,132.30.10
34.3.44.9,132.57.27.3
33.59.15.1,133.33.51.6
33.56.14.5,133.5.10
33.50.20.6,132.46.31.4
33.55.26.8,132.45.37.4
33.59.24.3,133.35.37.8
33.59.30.6,133.34.44.8
34.1.20,133.0.40.8
33.13.7.9,132.34.2.4
33.59.4.6,133.33.29.5
33.58.54,133.33.18.8
33.47.53.1,132.54.11
33.17.2.2,132.32.21.8
33.56.38.7,133.18.49.1
33.51.29.9,132.45.32.9
33.51.35.2,132.45.32.8
33.15.58.3,132.33.43.6
34.3.25.6,132.58.25.2
33.47.41.6,132.47.12.6
33.58.53.7,133.32.20.2
33.53.48.5,133.7.11.4
33.3.0.4,132.28.56.2
33.54.55,133.10.18.3
33.49.35.9,132.46.59.9
33.55.53.6,133.12.10.9
33.49.17.8,132.45.20.4
33.53.2.2,132.45.6.5
33.50.8.9,132.45.31.2
34.0.6.9,133.33.58.9
33.50.8.3,132.46.33.4
33.48.6,132.49.38.1
33.49.44.1,132.47.12.2
33.57.30.6,133.25.50.2
33.45.35.7,132.42.17.6
33.45.55.8,132.42.20.9
33.50.19.4,132.47.56.3
33.51.51.4,132.49.0
33.35.54.3,132.29.31.2
33.28.40.1,132.40.3.3
33.53.2.1,132.43.26.8
33.25.38.7,132.30.19.3
33.22.46.3,132.38.37.3
33.7.4.6,132.30.45.7
33.33.24.4,133.34.49.4
33.33.30.5,133.33.18
33.32.33.5,133.29.56.7
33.44.0.3,130.28.34.1
33.42.35.9,130.27.22.4
33.28.44.5,130.32.20.1
33.19.32.7,130.31.25.8
33.16.9.9,130.32.18.2
33.37.35.9,130.27.25.4
33.34.6,130.19.54.9
33.34.18.8,130.14.26.6
33.52.53,130.50.11.8
33.48.39.1,130.56.53.8
33.39.1.1,130.40.11.1
33.9.50.1,130.24.15
33.13.21,130.36.18.9
33.13.22.9,130.36.47.1
33.19.49.2,130.30.42.1
33.21.56.3,130.40.48
33.37.36.7,130.50.11
33.41.20.5,130.47.40.8
33.41.21.4,130.51.16.6
33.42.20.2,130.46.36.9
33.40.6.7,131.1.21.1
33.37.12.1,131.7.34.7
33.1.25.4,130.26.9.8
33.12.59.8,130.32.3.1
33.38.3.8,130.40.56.8
33.37.38.5,130.40.15.8
33.33.53.4,130.42.24.5
33.30.37.5,130.27.39.1
33.28.9.2,130.34.24.3
33.42.14.3,130.56.47.2
33.53.31.4,130.44.43.2
33.50.41.5,130.44.59.5
33.53.23.9,130.44.55.6
33.52.33.1,130.52.24.7
33.50.23.6,130.53.49.6
33.50.18.7,130.52.27.3
33.55.32,130.56.37.8
33.49.38.6,130.51.54.1
33.32.45.8,130.20.47.4
33.33.2.1,130.19.13.8
33.30.32.9,130.19.59
33.32.12,130.23.25.1
33.34.34.5,130.24.50.2
33.33.53.5,130.27.22.5
33.35.18.6,130.23.13.2
33.37.53.1,130.26.58.1
33.35.2.6,130.24.45.2
33.37.23.5,130.24.53.6
33.34.26.2,130.24.18.1
33.41.53.7,130.26.12.6
33.33.46.4,130.21.14.6
33.33.54.3,130.22.34
33.34.38.2,130.25.0.3
33.34.55.8,130.26.8.7
33.34.57.1,130.22.55.9
33.32.32.3,130.19.33.1
33.40.49.3,130.26.11
33.39.50.7,130.26.47.2
33.31.24.3,130.20.12
33.33.34.9,130.20.11.1
33.32.52.3,130.20.50.6
33.44.18.4,130.28.50.6
33.44.5.2,130.28.35.4
33.35.37.8,130.25.29.4
33.34.41.1,130.26.44.9
33.17.50.8,130.31.39.3
33.36.23.2,130.26.15.4
33.35.31,130.24.37.4
33.35.23.1,130.24.18.7
33.35.6.2,130.23.27.6
33.34.24.3,130.22.5.1
33.34.1.1,130.20.35.2
33.34.4.4,130.20.9.1
33.34.8,130.17.46.6
33.32.44.4,130.26.33.9
33.32.30.3,130.25.39.7
33.32.30.8,130.25.32
33.32.19.7,130.24.22.5
33.32.35.2,130.22.59.2
33.33.54.5,130.14.28.2
33.3.53.6,130.28.4.7
33.2.16.8,130.27.13.5
33.17.6.3,130.30.36.9
33.45.2.6,130.29.35
33.51.25.2,130.42.38.8
33.52.3.7,130.46.37.7
33.52.3,130.47.2.8
33.52.16.6,130.49.23.5
33.52.50.5,130.50.33.8
33.52.19.6,130.52.14.7
33.48.39.5,130.56.47.5
33.45.35.2,130.58.46.7
33.44.54.4,130.58.47.9
33.37.27.5,130.40.52.4
33.38.39.4,130.46.54.1
33.39.7.5,130.48.13.3
33.37.12.5,130.30.2.2
33.35.25.3,130.40.22.9
33.35.7.7,130.40.6.1
33.41.22.9,130.43.29.1
33.39.35.5,130.41.11.8
33.28.59.3,130.32.17.2
33.52.12.2,130.58.18.7
33.53.7.2,130.52.40.7
33.52.48.2,130.52.14.3
33.51.5.3,130.52.42.9
33.51.0.1,130.52.42.1
33.50.42,130.52.59.4
33.50.29.6,130.53.31.2
33.51.22,130.45.41.8
33.53.5.8,130.43.49
33.52.49,130.43.6.9
33.36.3.8,130.26.57.5
33.35.0.8,130.26.14.1
33.33.11.2,130.26.10.5
33.33.48.7,130.24.54.8
33.33.1.8,130.24.41.8
33.17.34.4,130.11.22.4
33.26.6.4,130.0.22.7
33.15.12.6,130.19.16.8
33.23.49.5,129.58.41.2
33.26.1.2,130.0.2.6
33.16.7.4,129.52.42.7
33.17.37.2,130.12.0.2
33.13.12.6,130.3.37.3
33.16.35.3,130.18.49.7
33.12.24.8,130.2.49.5
33.12.46.2,130.6.13.1
33.16.9.2,129.52.33.1
33.16.18.8,130.16.15.7
33.11.49.3,130.1.57.7
33.21.18.2,130.28.40.5
33.20.34,130.26.25.5
33.23.42,130.31.30.7
33.10.52.7,129.53.9.1
33.11.5.6,129.59.48.3
33.16.22.6,129.53.25.7
33.13.10.7,130.8.42.1
33.12.42.2,130.18.47.7
33.14.20.2,130.18.7.1
33.17.24.1,130.17.52.4
33.12.36.2,130.2.41.4
33.14.20.1,130.17.59.8
33.24.56.1,129.59.42.5
33.14.21.8,130.18.29.2
33.21.45.2,130.30.15.6
33.22.53.2,130.29.57
33.7.32.5,130.3.43.9
33.14.51.8,130.19.21.2
33.16.57.5,130.17.53.7
33.14.42.6,130.16.16.2
33.16.34.4,130.17.35.7
33.6.43.7,130.5.12.7
33.14.24.6,130.18.51.8
33.15.22.5,130.16.25.6
33.20.32.7,129.55.14.4
33.17.34.6,130.17.6.5
32.54.28.6,129.57.19.6
32.45.47.2,129.56.10.8
33.8.34.1,129.48.1.5
33.10.13.8,129.43.21.6
33.2.26.5,129.54.37.6
32.68.14.3,129.84.19
32.42.42.6,129.51.59.8
32.45.30.7,129.52.5.4
32.48.25.3,129.50.51.1
32.51.34.7,129.48.24.5
33.12.44.2,129.41.49.9
33.11.15.5,129.43.5.2
33.18.22.2,129.37.48.1
32.44.42.2,130.22.10.1
33.12.45.5,129.79.98.8
32.45.23.8,130.22.19.7
32.59.14,129.46.26.4
33.7.55.3,129.47.54.2
32.42.46.9,129.52.1.5
32.49.47.4,130.10.23.4
33.3.45.8,129.45.51.4
32.50.2.2,129.50.32.2
32.43.15.5,129.51.19.8
32.54.18.4,129.57.27.1
32.53.53.1,129.57.36.5
32.50.21.8,130.1.25.4
32.50.14.3,130.0.52.1
33.9.6,129.46.46.1
33.9.17.8,129.46.19.3
33.9.27.8,129.45.57.7
32.50.18.4,130.2.11.4
32.44.45.1,129.52.19.7
32.46.26.5,129.51.44.9
32.48.34.1,129.50.43.1
32.46.26.5,129.51.44.9
32.40.58.5,129.50.33.3
32.84.63.5,130.4.16
32.45.7.5,129.52.19.6
32.46.7.6,129.51.50.9
32.45.44.1,129.51.55.5
32.49.58.7,130.43.16.2
32.46.8,130.41.33.4
32.43.52.4,130.41.2.9
32.46.4.1,130.43.28.1
32.39.14.2,130.30.2.3
32.29.4.1,130.36.28.1
32.11.49.8,130.49.45.7
32.13.31.9,130.45.51.9
32.15.40.4,130.56.4.3
32.20.15.6,130.6.55.4
32.30.31.9,130.35.49.7
32.38.48.6,130.40.35.4
32.38.32.3,130.45.14
32.41.20.8,130.59.1.8
32.51.55.2,130.35.35.3
32.59.12.3,130.28.31
32.58.58.3,130.48.55.3
33.4.54,131.7.25.7
32.31.35.4,130.35.6
32.44.2,130.46.8.8
32.48.24,130.48.40.2
32.44.20.1,130.44.48.8
32.58.7.2,131.2.32.9
32.20.0.4,130.4.52.9
32.45.56.1,131.14.36.6
32.58.46.6,130.48.14.3
32.54.29.8,130.50.17.5
32.59.15.2,130.25.52.1
32.54.46.2,130.58.9.4
32.47.59,130.43.3.5
32.46.5.3,130.38.10.5
32.48.57.5,130.45.27.9
32.51.2.9,130.44.18.1
32.48.53.9,130.44.14.6
33.0.51,130.41.6
32.53.55.5,130.40.44.2
32.53.50.5,130.40.43
32.51.35.5,130.42.33.7
32.49.44,130.43.21.4
32.49.21.9,130.43.20.3
32.48.22.5,130.42.52.2
32.48.8.3,130.42.47
32.48.3.5,130.42.45.2
32.47.59,130.42.42.5
32.45.48.8,130.41.23.8
32.45.10.6,130.41.13.2
32.30.5.3,130.37.27.6
32.30.11.9,130.36.40.9
32.56.11.2,131.4.55.9
32.48.17,130.44.50.9
32.55.10.8,130.38.25.9
32.59.0.1,130.26.19.2
33.0.6.5,130.26.19.1
32.37.18.6,130.52.25.7
32.12.47.9,130.45.17.5
32.50.22.8,130.54.54.9
32.53.36.6,130.48.16.8
32.59.40,130.40.54.9
32.12.50.5,130.45.16.3
32.55.43.3,131.11.25
32.48.15.7,130.42.30
32.48.4.8,130.42.55.5
32.47.41.2,130.43.30.9
32.47.23.8,130.43.56.8
32.47.27.7,130.46.51.2
32.45.53.2,130.40.19
32.48.35.6,130.46.13.9
32.48.27.4,130.44.39.3
32.49.38.6,130.47.6.5
32.48.15.2,130.46.30.5
33.18.4.1,131.30.8.2
32.59.10.7,131.50.22.1
33.3.22.1,131.36.38
32.48.57.4,131.42.49.4
32.59.38.7,131.19.57.8
33.9.14.7,131.39.42.8
33.15.54.8,131.21.31.9
33.17.0.9,131.28.51.6
33.13.55.2,131.37.32.9
33.34.45.3,131.11.10.2
33.22.46.6,131.15.48.2
33.18.50,130.56.16.3
33.33.25,131.44.1
33.35.56.1,131.10.45.1
33.18.45.8,131.30.3.2
33.14.49.4,131.34.53.7
33.8.58,131.39.26.8
33.11.3.2,131.34.13.3
33.24.55.6,131.32.59.7
33.31.59.2,131.23.37.5
33.13.58.9,131.36.36.6
33.14.2.6,131.19.27.5
33.23.46,131.26.18.1
33.10.30.1,131.35.27.6
32.57.3.2,131.22.17.8
33.15.40.8,131.21.22.9
31.55.8.2,131.24.41.7
31.50.44.8,131.26.38.2
32.13.42.1,131.32.47.3
31.40.5,131.27.39.5
32.40.0.5,131.42.12.4
31.56.14.9,131.25.38.6
32.3.2.7,130.45.53.2
32.25.4.6,131.37.31.3
32.13.40.2,131.9.2.5
32.24.15.2,131.34.39.4
32.24.35.6,131.35.44.1
31.58.27.1,131.26.24.1
31.56.59,131.25.47.3
31.46.8.3,131.5.38.5
31.42.39.4,131.27.29.9
31.43.0.7,131.3.39
32.3.52.6,131.29.17.2
32.3.23,131.28.42.3
31.55.8.1,131.25.25.6
31.55.4.1,131.25.24.7
31.55.4.8,131.24.57.9
31.46.17,131.5.46.2
31.44.6.8,131.4.8.2
32.32.42.3,131.40.40.5
32.25.53.3,131.37.45
32.25.45.1,131.37.49
31.55.17.8,131.27.7.4
31.57.28.6,131.23.45.5
32.33.30.9,131.40.32.9
31.54.15.9,131.25.39.1
32.29.59.3,131.26.49.7
32.30.34.9,131.40.39.8
31.55.6.8,131.20.26.5
32.6.52.8,130.20.6.9
31.44.5.4,130.41.32.1
31.26.41.9,131.2.51.9
31.31.59,130.31.16.9
31.20.4.5,130.25.2.3
31.34.29.9,130.31.49.9
31.23.11.5,130.51.46.5
30.25.18.9,130.34.25.6
31.50.53.2,130.14.58.4
31.46.34.9,130.18.0.4
31.39.44.4,130.29.11.1
31.37.49.3,130.31.28.2
31.36.19.1,130.32.14
31.35.36.9,130.33.9.7
31.41.54.8,131.0.25.1
31.43.1.4,130.37.9.6
31.36.32.3,130.34.9.1
31.36.14.5,130.33.49.3
31.17.56,130.18.29
31.22.28.6,130.21.40.1
31.30.25.5,130.30.41.8
31.32.20.4,130.32.5.1
31.32.33.4,130.32.24.5
31.33.19,130.32.43.5
31.33.26.1,130.32.49.1
31.34.54.3,130.33.44.9
31.35.28.5,130.33.23.5
31.15.42.8,130.37.37.9
31.24.20.5,130.31.48.6
31.27.1.7,130.30.54.1
31.27.15.2,130.43.32.3
31.23.53.6,130.53.23
31.29.10.7,130.41.51.4
31.28.34.4,131.6.11.1
31.29.21.1,130.42.0.4
31.24.25.6,130.51.0.9
31.23.40.5,130.56.51
31.25.24.8,130.45.32.2
31.50.8.9,129.51.59.8
31.42.25.8,129.44.28.2
28.13.38.5,129.22.2.6
28.10.29,129.20.58.7
28.9.46.8,129.17.24.5
28.9.53.8,129.17.27.8
28.16.22.8,129.17.42.5
28.15.20.1,129.19.51.4
26.19.13.3,127.45.32.7
26.19.57.5,127.47.53.7
26.11.50.3,127.42.4.3
26.22.45.1,127.51.22.7
26.21.7.7,127.49.3.7
26.11.35.2,127.39.35.2
26.7.1.4,127.40.7.3
26.16.2.7,127.43.2.8
26.15.43.7,127.42.46.2
26.27.15.2,127.54.59
26.27.15.2,127.55.8.8
26.20.6.2,127.47.19.8
